fecha,ultima,apertura,maximo,minimo,vol,varianza
20180129,770.04,782.90,784.67,768.99,-,-1.07
20180126,778.36,774.40,783.10,772.96,-,0.46
20180125,774.81,775.16,779.47,774.63,-,-0.21
20180124,776.42,773.33,776.42,771.42,-,0.16
20180123,775.16,774.12,776.66,772.75,-,-0.15
20180122,776.31,775.29,782.12,773.66,-,0.13
20180119,775.29,770.25,784.36,770.25,-,0.25
20180118,773.33,765.44,774.57,765.17,-,0.32
20180117,770.84,771.27,775.43,770.25,-,-0.49
20180116,774.65,770.08,774.72,768.89,-,0.86
20180115,768.01,783.14,783.14,764.23,-,-0.69
20180112,773.34,768.54,775.48,768.09,-,0.72
20180111,767.80,766.27,769.82,765.25,-,0.04
20180110,767.53,768.12,773.81,763.36,-,-0.40
20180109,770.64,767.21,771.31,764.84,-,0.38
20180108,767.70,753.19,778.19,753.19,-,1.95
20180105,753.03,754.55,756.54,743.36,-,-0.37
20180104,755.81,745.24,757.61,745.24,-,0.16
20180103,754.59,750.55,758.04,743.52,-,-0.69
20171229,759.80,755.26,763.39,753.30,-,1.36
20171228,749.62,736.33,751.43,736.33,-,-0.24
20171227,751.46,742.62,751.77,742.62,-,1.45
20171226,740.70,743.84,744.37,736.89,-,-0.22
20171225,742.34,738.31,745.25,734.18,-,-0.01
20171222,742.45,738.79,748.35,738.79,-,-0.80
20171221,748.40,748.69,751.48,746.86,-,-0.49
20171220,752.10,750.27,752.10,745.57,-,0.24
20171219,750.27,733.29,750.27,733.29,-,0.51
20171218,746.43,739.57,747.60,738.20,-,0.39
20171215,743.52,746.38,748.41,743.52,-,-0.50
20171214,747.24,740.60,747.40,740.60,-,0.43
20171213,744.07,741.96,744.19,741.96,-,0.04
20171212,743.78,743.93,748.80,743.66,-,-0.09
20171211,744.46,739.76,746.80,739.76,-,0.36
20171208,741.79,741.47,743.66,740.35,-,-0.12
20171207,742.65,743.97,744.27,742.18,-,-0.18
20171206,743.97,742.14,747.65,742.14,-,0.22
20171205,742.36,744.22,745.08,742.36,-,-0.28
20171204,744.43,744.16,744.56,744.16,-,-0.02
20171201,744.59,744.89,746.65,744.16,-,0.09
20171130,743.93,729.46,745.55,729.46,-,1.04
20171129,736.30,733.27,740.28,733.27,-,-0.42
20171128,739.42,736.81,740.75,735.34,-,0.11
20171127,738.63,735.67,739.63,735.67,-,-0.11
20171124,739.41,734.27,739.41,734.27,-,0.44
20171123,736.19,731.79,736.62,727.89,-,0.60
20171122,731.78,728.57,732.80,728.50,-,0.44
20171121,728.57,732.22,733.29,728.35,-,-0.73
20171120,733.93,732.74,735.14,732.65,-,-0.24
20171117,735.73,732.51,735.93,730.24,-,0.34
20171116,733.26,733.48,733.61,732.62,-,-0.03
20171115,733.48,737.01,738.83,732.67,-,-0.75
20171114,739.05,736.12,740.25,735.57,-,0.40
20171113,736.12,734.78,737.54,734.78,-,-0.34
20171110,738.64,737.83,739.86,736.08,-,0.50
20171109,734.99,729.93,735.94,729.14,-,0.61
20171108,730.57,728.51,732.93,728.51,-,0.12
20171107,729.68,730.72,732.38,729.68,-,0.00
20171106,729.65,721.64,730.21,721.64,-,0.10
20171103,728.92,728.41,729.91,727.34,-,0.17
20171102,727.66,728.23,730.86,723.52,-,-0.61
20171101,732.12,729.86,736.25,729.86,-,0.19
20171031,730.72,727.23,736.02,725.07,-,0.63
20171030,726.16,724.37,726.80,724.37,-,0.01
20171027,726.08,727.75,730.34,725.22,-,-0.33
20171026,728.50,728.19,729.23,727.22,-,0.13
20171025,727.55,727.39,728.57,726.11,-,0.05
20171024,727.18,728.46,728.68,726.18,-,-0.15
20171023,728.25,725.80,728.25,725.47,-,0.09
20171020,727.62,727.28,728.72,726.36,-,-0.35
20171019,730.17,726.84,731.05,726.84,-,0.50
20171018,726.52,729.32,729.93,725.80,-,-0.53
20171017,730.39,729.41,732.65,728.41,-,-0.07
20171016,730.90,727.90,732.21,727.90,-,0.50
20171013,727.24,723.08,727.61,722.86,-,-0.08
20171012,727.79,726.74,727.91,724.66,-,0.11
20171011,726.96,725.30,727.93,724.55,-,-0.04
20171010,727.23,726.90,729.35,726.90,-,0.02
20171009,727.11,725.22,727.97,723.28,-,0.14
20171006,726.08,721.06,727.29,721.06,-,0.55
20171005,722.11,720.44,723.45,719.72,-,0.20
20171004,720.66,721.53,722.25,720.65,-,-0.06
20171003,721.10,722.49,723.57,721.02,-,0.22
20171002,719.50,715.42,720.54,714.67,-,-0.17
20170929,720.76,722.08,723.14,719.37,-,-0.33
20170928,723.17,721.32,723.41,721.32,-,0.28
20170927,721.17,723.43,724.18,718.04,-,-0.34
20170926,723.64,723.48,726.65,721.23,-,-0.05
20170925,724.02,724.96,725.66,723.78,-,-0.16
20170922,725.19,730.96,731.84,725.19,-,-1.00
20170921,732.52,729.23,732.80,728.58,-,0.51
20170920,728.77,728.86,729.79,722.22,-,-0.01
20170919,728.86,730.61,731.51,728.64,-,-0.41
20170918,731.83,728.65,732.84,728.65,-,0.24
20170915,730.05,725.13,731.85,724.86,-,0.46
20170914,726.70,727.04,731.42,726.70,-,-0.31
20170913,728.96,728.66,730.20,728.41,-,0.06
20170912,728.53,728.06,729.37,726.43,-,-0.03
20170911,728.73,727.94,728.79,727.11,-,0.20
20170908,727.27,728.37,728.37,725.18,-,-0.28
20170907,729.28,726.14,730.19,726.14,-,0.22
20170906,727.70,725.20,727.88,725.11,-,0.41
20170905,724.74,724.62,726.66,724.09,-,-0.35
20170904,727.30,724.60,728.40,724.60,-,0.36
20170901,724.71,724.16,725.74,724.16,-,-0.12
20170831,725.60,725.48,727.22,725.48,-,-0.09
20170830,726.24,727.60,729.63,726.20,-,-0.31
20170829,728.49,720.55,728.88,720.24,-,0.52
20170828,724.75,724.11,725.52,722.71,-,0.09
20170825,724.11,722.43,729.59,722.11,-,0.18
20170824,722.78,718.96,722.78,718.83,-,0.28
20170823,720.74,723.55,724.23,716.54,-,-0.28
20170822,722.78,721.13,726.37,719.88,-,-0.03
20170821,723.00,720.62,723.22,720.53,-,0.28
20170818,721.01,716.80,722.44,716.80,-,-0.05
20170817,721.38,718.80,721.38,717.52,-,0.44
20170816,718.19,715.44,719.11,715.34,-,0.32
20170815,715.89,715.24,718.14,714.35,-,-0.28
20170814,717.89,720.52,720.52,715.68,-,-0.89
20170811,724.37,721.97,726.24,720.45,-,0.17
20170810,723.12,720.39,723.12,718.75,-,0.44
20170809,719.94,718.57,720.76,716.65,-,-0.06
20170808,720.36,722.47,722.90,717.66,-,-0.63
20170807,724.92,728.63,728.63,721.27,-,-0.61
20170804,729.39,715.66,730.70,715.66,-,1.57
20170803,718.12,705.68,720.95,705.20,-,1.55
20170802,707.17,722.39,723.45,704.38,-,-2.35
20170801,724.22,720.81,725.93,715.74,-,0.19
20170731,722.88,726.71,727.82,721.84,-,-0.81
20170728,728.80,721.31,730.25,721.31,-,1.04
20170727,721.31,714.86,722.46,713.84,-,0.63
20170726,716.76,716.12,722.78,713.43,-,-0.24
20170725,718.50,716.58,719.61,716.53,-,0.05
20170724,718.11,711.19,720.14,709.68,-,0.97
20170721,711.19,706.54,713.02,706.54,-,0.66
20170720,706.54,705.87,707.35,705.22,-,-0.38
20170719,709.27,706.99,711.32,704.84,-,0.11
20170718,708.46,712.98,713.27,707.12,-,-0.65
20170717,713.09,712.49,714.82,711.79,-,-0.27
20170714,715.05,712.16,716.20,710.20,-,0.20
20170713,713.63,716.89,716.95,712.34,-,-0.26
20170712,715.46,710.74,716.65,710.74,-,-0.09
20170711,716.12,715.31,717.73,713.38,-,-0.04
20170710,716.42,709.77,716.42,705.63,-,0.94
20170707,709.77,711.04,712.44,708.09,-,0.05
20170706,709.41,711.54,711.54,707.99,-,-0.63
20170705,713.88,711.54,714.59,711.27,-,0.12
20170704,713.05,711.40,715.64,710.55,-,0.14
20170703,712.03,709.18,713.76,708.34,-,0.10
20170630,711.32,713.74,714.77,709.64,-,-0.39
20170629,714.10,709.34,716.20,709.18,-,0.60
20170628,709.83,709.30,710.39,709.30,-,-0.35
20170627,712.30,707.11,713.71,706.30,-,0.34
20170626,709.87,706.71,711.11,706.71,-,0.58
20170623,705.79,704.72,709.54,703.93,-,-0.08
20170622,706.37,702.58,708.79,702.58,-,0.33
20170621,704.04,703.95,706.43,699.25,-,0.01
20170620,703.95,708.45,708.85,702.97,-,-0.63
20170619,708.39,708.35,710.65,706.37,-,-0.28
20170616,710.41,715.76,717.34,709.49,-,-1.14
20170615,718.61,716.97,719.93,713.64,-,-0.18
20170614,719.91,721.11,721.51,713.29,-,-0.00
20170613,719.93,723.54,723.54,715.43,-,-0.50
20170612,723.54,716.19,723.54,715.67,-,0.67
20170609,718.73,713.60,720.65,713.60,-,-0.03
20170608,718.96,718.98,719.56,709.98,-,-0.50
20170607,722.55,714.91,723.47,714.91,-,0.30
20170606,720.38,714.26,723.02,714.26,-,0.42
20170605,717.40,717.44,718.65,715.49,-,-0.34
20170602,719.88,719.15,720.80,718.36,-,-0.01
20170601,719.93,724.09,725.08,719.38,-,-0.82
20170531,725.85,718.83,726.99,718.43,-,0.93
20170530,719.15,718.13,720.64,717.32,-,0.21
20170529,717.64,714.88,717.64,714.88,-,-0.03
20170526,717.82,736.57,736.57,714.13,-,-2.53
20170525,736.47,734.70,736.89,734.39,-,0.11
20170524,735.64,738.73,739.35,735.58,-,-0.47
20170523,739.12,739.29,740.91,738.45,-,-0.10
20170522,739.88,738.39,742.26,738.29,-,0.13
20170519,738.95,738.41,739.60,734.58,-,1.04
20170518,731.38,734.46,739.35,728.67,-,-0.20
20170517,732.83,729.42,735.43,725.73,-,0.27
20170516,730.89,736.11,736.11,729.15,-,0.28
20170515,728.83,722.48,730.47,722.48,-,0.40
20170512,725.90,727.95,731.31,725.12,-,-0.44
20170511,729.13,722.83,729.67,722.79,-,0.59
20170510,724.88,716.24,729.33,716.24,-,1.38
20170509,715.04,715.75,717.24,714.57,-,-0.10
20170508,715.75,715.54,716.74,714.42,-,0.06
20170505,715.34,713.98,715.55,713.98,-,-0.06
20170504,715.75,717.34,717.34,713.36,-,-0.59
20170503,719.97,718.20,720.87,716.07,-,-0.09
20170428,720.64,728.36,728.76,719.23,-,-1.14
20170427,728.94,731.56,733.77,728.40,-,-0.36
20170426,731.56,731.43,731.69,731.35,-,-0.12
20170425,732.41,732.23,734.39,730.47,-,-0.27
20170424,734.40,733.96,736.30,730.83,-,0.06
20170421,733.96,732.67,735.89,732.67,-,0.16
20170420,732.80,723.93,735.17,723.93,-,0.74
20170419,727.44,728.65,729.04,725.52,-,0.10
20170418,726.69,734.83,734.83,726.69,-,-0.74
20170413,732.09,729.01,736.64,728.92,-,-0.33
20170412,734.48,733.77,738.40,730.20,-,0.07
20170411,734.00,721.48,735.25,721.48,-,1.12
20170410,725.88,726.48,728.61,720.77,-,-0.36
20170407,728.53,724.78,729.69,724.54,-,0.01
20170406,728.48,725.47,729.44,724.76,-,-0.14
20170405,729.47,722.21,729.76,722.21,-,-0.01
20170404,729.54,727.15,731.76,725.43,-,-0.07
20170403,730.07,730.06,732.50,725.37,-,-0.33
20170331,732.51,731.57,734.43,727.83,-,-0.14
20170330,733.55,733.61,736.57,730.62,-,-0.53
20170329,737.47,737.37,739.39,734.48,-,-0.27
20170328,739.44,745.45,745.45,733.09,-,-0.68
20170327,744.49,746.70,746.70,743.20,-,-0.22
20170324,746.12,740.11,746.12,740.11,-,0.78
20170323,740.31,737.62,744.06,737.62,-,-0.75
20170322,745.88,747.29,749.33,741.66,-,-0.19
20170321,747.29,744.90,748.94,744.44,-,0.16
20170320,746.06,743.63,747.26,743.63,-,0.24
20170317,744.29,744.64,746.85,739.57,-,-0.36
20170316,746.97,736.14,752.96,736.14,-,0.69
20170315,741.88,738.79,744.71,734.53,-,0.35
20170314,739.29,739.25,742.22,734.43,-,-0.17
20170313,740.54,737.69,741.57,736.50,-,0.11
20170310,739.72,730.66,741.05,730.66,-,0.51
20170309,736.00,736.23,738.31,735.08,-,-0.42
20170308,739.13,739.81,742.97,730.79,-,-0.20
20170307,740.58,718.67,742.48,718.67,-,2.04
20170306,725.80,720.50,736.69,714.19,-,0.50
20170303,722.19,721.62,729.52,717.84,-,0.25
20170302,720.37,714.60,722.05,713.21,-,0.67
20170301,715.57,718.00,718.59,714.72,-,-0.45
20170228,718.77,714.57,720.97,714.57,-,0.28
20170227,716.75,713.42,717.54,713.42,-,0.13
20170224,715.80,718.04,720.17,715.67,-,-0.19
20170223,717.13,714.02,720.05,712.64,-,0.40
20170222,714.28,711.42,715.17,710.26,-,0.32
20170221,712.01,710.84,712.01,708.50,-,0.03
20170220,711.81,707.53,713.67,707.53,-,0.27
20170217,709.89,707.22,713.11,706.81,-,0.15
20170214,708.82,702.55,709.30,702.55,-,0.75
20170213,703.52,703.79,707.46,701.21,-,0.13
20170210,702.58,701.16,704.02,698.64,-,-0.38
20170209,705.26,698.37,705.26,697.32,-,0.80
20170208,699.63,698.73,700.48,698.38,-,-0.19
20170207,700.95,700.12,704.63,700.12,-,0.12
20170206,700.12,694.71,700.12,693.97,-,0.44
20170203,697.07,701.97,701.97,694.99,-,-1.07
20170202,704.63,697.25,704.63,697.25,-,0.54
20170201,700.88,694.94,701.38,694.94,-,0.27
20170131,699.01,694.26,699.01,694.26,-,0.28
20170130,697.03,695.45,697.66,695.45,-,0.09
20170127,696.42,695.69,696.94,694.25,-,-0.12
20170126,697.23,698.54,698.54,695.95,-,-0.14
20170125,698.19,694.52,698.43,694.50,-,-0.12
20170124,699.04,698.17,700.67,698.07,-,-0.27
20170123,700.91,695.54,702.85,695.54,-,-0.08
20170120,701.44,710.00,710.00,701.37,-,-1.46
20170119,711.85,708.96,713.06,708.72,-,0.04
20170118,711.59,718.15,720.79,710.33,-,-0.51
20170117,715.21,710.62,715.59,709.36,-,0.43
20170116,712.17,708.80,712.34,706.36,-,-0.02
20170113,712.33,711.56,715.62,709.33,-,-0.30
20170112,714.50,705.71,714.58,705.71,-,0.88
20170111,708.25,711.96,711.96,706.00,-,-0.63
20170110,712.74,715.05,720.24,712.69,-,-0.71
20170109,717.86,714.09,722.35,713.71,-,0.42
20170106,714.88,712.67,716.72,712.67,-,0.01
20170105,714.82,715.39,720.42,714.82,-,-0.24
20170104,716.56,711.56,719.90,711.56,-,-0.11
20161230,717.37,716.66,722.25,705.71,-,0.37
20161229,714.72,713.43,719.20,709.65,-,0.02
20161228,714.60,714.14,718.67,708.49,-,-0.32
20161227,716.90,708.53,716.90,708.53,-,0.84
20161226,710.90,709.61,712.70,706.74,-,-0.24
20161223,712.63,714.67,718.98,710.35,-,-1.10
20161222,720.53,714.73,720.74,714.71,-,-0.23
20161221,722.20,713.57,722.20,713.57,-,0.74
20161220,716.91,715.80,718.58,715.14,-,-0.20
20161219,718.38,713.49,721.65,713.20,-,-0.39
20161216,721.17,712.84,723.10,712.84,-,0.18
20161215,719.90,719.55,721.47,714.06,-,0.06
20161214,719.46,723.83,724.21,717.25,-,-0.85
20161213,725.63,721.31,726.08,721.31,-,0.44
20161212,722.43,721.24,725.33,712.18,-,0.40
20161209,719.52,714.76,720.48,713.37,-,0.34
20161208,717.08,713.05,728.27,712.38,-,0.32
20161207,714.78,709.03,715.71,709.03,-,0.04
20161206,714.52,702.93,718.54,702.93,-,1.34
20161205,705.08,705.70,709.34,702.06,-,-0.18
20161202,706.37,694.66,709.49,694.66,-,0.72
20161201,701.30,692.24,701.85,692.24,-,0.96
20161130,694.63,686.98,695.78,686.98,-,0.35
20161129,692.21,688.36,693.33,688.36,-,-0.01
20161128,692.27,683.20,694.95,683.20,-,0.46
20161125,689.08,681.36,692.29,681.36,-,1.07
20161124,681.76,677.17,683.29,677.17,-,0.08
20161123,681.22,677.66,682.46,677.66,-,0.27
20161122,679.41,675.06,680.83,675.06,-,-0.07
20161121,679.86,666.84,680.11,666.84,-,0.98
20161118,673.29,662.15,674.42,661.12,-,1.60
20161117,662.71,660.73,665.28,660.73,-,0.30
20161116,660.73,658.96,662.35,658.85,-,0.04
20161115,660.47,666.01,666.01,656.74,-,-0.84
20161114,666.07,662.44,668.08,658.92,-,0.20
20161110,664.75,660.84,667.79,660.84,-,-0.04
20161109,665.03,665.66,667.65,664.79,-,-0.09
20161108,665.66,659.75,666.38,659.75,-,0.60
20161107,661.66,662.60,665.50,659.17,-,-0.85
20161104,667.33,661.16,670.33,660.95,-,1.02
20161103,660.59,665.17,665.17,659.82,-,-0.72
20161102,665.39,670.27,671.31,660.58,-,-1.09
20161101,672.70,677.38,678.19,669.04,-,-0.72
20161031,677.60,677.10,679.97,674.51,-,0.16
20161028,676.53,674.38,678.30,673.69,-,0.22
20161027,675.07,677.80,678.88,667.88,-,-0.21
20161026,676.47,677.16,688.54,667.71,-,-0.02
20161025,676.60,668.15,677.27,665.68,-,0.51
20161024,673.14,668.25,674.25,663.09,-,0.44
20161021,670.20,655.60,674.37,655.60,-,1.06
20161020,663.20,648.56,667.76,648.56,-,2.18
20161019,649.02,643.26,661.77,643.26,-,0.51
20161018,645.71,639.33,647.27,638.71,-,0.84
20161017,640.31,638.57,641.97,638.57,-,0.03
20161014,640.13,635.33,641.49,635.33,-,0.63
20161013,636.13,632.89,637.64,632.89,-,0.20
20161012,634.86,629.32,637.93,629.32,-,0.03
20161011,634.66,635.92,641.37,633.99,-,-1.18
20161010,642.27,638.84,644.54,635.85,-,0.37
20161007,639.91,641.76,642.82,637.16,-,-0.36
20161006,642.24,637.46,645.72,637.46,-,0.60
20161005,638.44,636.10,646.75,636.10,-,-0.31
20161004,640.42,635.43,640.64,635.37,-,0.65
20161003,636.28,632.85,638.97,632.85,-,-0.00
20160930,636.30,634.84,638.91,632.66,-,0.07
20160929,635.84,635.33,639.34,632.92,-,0.32
20160928,633.84,635.63,635.82,630.74,-,-0.56
20160927,637.42,637.84,638.08,633.01,-,-0.07
20160926,637.84,638.90,638.90,631.31,-,-0.26
20160923,639.48,641.59,643.27,639.00,-,-0.39
20160922,641.96,643.62,644.01,639.81,-,-0.45
20160921,644.83,637.11,645.31,636.14,-,0.62
20160920,640.84,638.20,644.57,637.78,-,0.19
20160919,639.65,633.48,639.65,631.34,-,1.18
20160916,632.22,632.86,635.02,629.83,-,-0.48
20160915,635.27,633.45,638.51,632.55,-,0.30
20160914,633.36,628.77,634.06,628.77,-,0.33
20160913,631.25,628.57,633.19,626.20,-,-0.41
20160912,633.86,636.36,637.12,631.12,-,-0.76
20160909,638.69,635.87,641.32,634.46,-,-0.05
20160908,639.01,635.06,642.96,635.06,-,0.25
20160907,637.40,630.31,640.71,630.31,-,0.75
20160906,632.63,627.21,634.79,627.06,-,0.64
20160905,628.63,627.60,634.07,627.51,-,-0.32
20160902,630.65,628.14,631.78,628.14,-,0.51
20160901,627.48,626.15,629.40,625.70,-,0.12
20160831,626.73,616.88,628.66,616.88,-,0.99
20160830,620.61,619.90,622.15,618.61,-,-0.23
20160829,622.04,621.80,624.52,618.79,-,0.00
20160826,622.01,620.69,623.48,618.67,-,0.12
20160825,621.28,618.58,623.00,617.91,-,0.16
20160824,620.28,621.39,624.55,618.23,-,-0.33
20160823,622.35,618.68,623.58,616.07,-,0.38
20160822,619.99,617.86,622.97,615.35,-,0.16
20160819,619.00,620.21,624.38,618.05,-,-0.20
20160818,620.21,617.35,622.87,617.35,-,-0.09
20160817,620.74,621.45,624.38,618.56,-,-0.06
20160816,621.09,626.38,628.80,616.30,-,-1.55
20160815,630.87,631.23,634.22,627.17,-,-0.53
20160812,634.23,631.98,634.95,628.19,-,-0.74
20160811,638.93,635.37,645.29,632.12,-,0.30
20160810,637.03,628.62,647.20,628.62,-,1.33
20160809,628.67,630.92,633.65,624.65,-,-0.39
20160808,631.12,635.71,637.05,629.89,-,-0.78
20160805,636.05,629.88,637.86,627.85,-,1.02
20160804,629.61,623.24,630.59,623.24,-,0.27
20160803,627.90,637.15,639.03,627.80,-,-1.78
20160802,639.26,637.12,639.79,636.66,-,0.21
20160801,637.95,632.16,639.87,632.16,-,0.50
20160729,634.77,620.44,643.51,620.44,-,2.17
20160728,621.30,618.52,626.14,618.52,-,0.16
20160727,620.31,615.50,625.03,615.50,-,0.71
20160726,615.94,612.20,616.89,611.48,-,0.51
20160725,612.79,610.47,614.64,610.39,-,0.40
20160722,610.32,611.83,613.17,609.65,-,-0.39
20160721,612.73,613.55,617.24,611.41,-,-0.40
20160720,615.17,612.11,616.64,611.72,-,0.43
20160719,612.56,611.15,615.36,611.15,-,0.25
20160718,611.02,612.59,615.40,610.01,-,-0.87
20160715,616.38,608.80,619.38,607.70,-,1.11
20160714,609.62,607.35,611.85,606.77,-,0.41
20160713,607.16,606.25,607.16,604.21,-,0.15
20160712,606.25,603.92,607.54,603.92,-,0.28
20160711,604.58,601.77,605.17,601.77,-,0.27
20160708,602.98,602.69,606.61,602.69,-,-0.03
20160707,603.19,605.84,608.18,602.36,-,-0.47
20160706,606.03,609.37,610.17,605.56,-,-0.52
20160705,609.17,609.68,609.68,609.17,-,-0.16
20160704,610.15,604.83,610.15,604.83,-,0.94
20160701,604.47,601.10,605.91,601.10,-,-0.04
20160630,604.70,601.26,608.80,601.26,-,0.27
20160629,603.09,600.88,604.90,600.88,-,-0.25
20160628,604.59,601.05,607.63,600.79,-,0.76
20160627,600.03,605.03,606.04,597.76,-,-1.32
20160624,608.03,614.84,614.84,606.50,-,-1.78
20160623,619.07,620.40,623.50,619.07,-,-0.21
20160622,620.40,619.22,620.66,617.90,-,0.08
20160621,619.90,617.56,619.90,616.68,-,0.38
20160620,617.58,618.27,619.92,616.79,-,-0.38
20160617,619.92,622.22,622.30,615.31,-,-0.37
20160616,622.22,623.17,623.95,614.90,-,-0.25
20160615,623.78,623.59,625.25,623.48,-,-0.14
20160614,624.66,623.85,625.32,623.25,-,-0.16
20160613,625.65,623.96,627.46,623.94,-,0.21
20160610,624.31,623.63,624.96,623.63,-,0.11
20160609,623.63,627.39,627.55,623.43,-,-0.67
20160608,627.83,615.52,628.24,615.52,-,1.97
20160607,615.73,616.13,617.00,614.83,-,-0.18
20160606,616.85,622.96,632.07,615.89,-,-1.23
20160603,624.56,629.67,633.57,624.02,-,-0.81
20160602,629.67,620.52,636.64,617.32,-,1.23
20160601,622.02,615.02,622.94,614.48,-,1.14
20160531,615.02,609.44,616.30,608.39,-,0.47
20160530,612.16,606.86,614.32,606.86,-,0.67
20160527,608.08,607.98,609.09,606.74,-,-0.01
20160526,608.14,624.10,624.60,606.15,-,-2.56
20160525,624.10,622.87,627.43,621.09,-,0.20
20160524,622.87,620.70,623.02,619.34,-,0.21
20160523,621.59,622.86,625.46,619.50,-,-0.25
20160520,623.12,625.62,625.62,622.34,-,-0.40
20160519,625.62,620.18,626.88,619.36,-,0.86
20160518,620.28,613.91,621.13,613.87,-,0.87
20160517,614.91,612.45,615.02,612.45,-,0.15
20160516,613.97,615.48,617.80,611.94,-,-0.86
20160513,619.30,617.43,627.12,615.31,-,0.20
20160512,618.05,614.80,620.31,614.80,-,0.32
20160511,616.05,617.32,618.19,613.25,-,-0.30
20160510,617.92,619.17,620.80,613.14,-,-0.20
20160509,619.17,614.18,621.49,614.12,-,0.34
20160506,617.08,610.71,618.81,610.71,-,0.42
20160505,614.50,612.06,618.48,612.06,-,0.40
20160504,612.06,615.98,615.98,610.61,-,-0.89
20160428,617.55,612.17,617.90,612.17,-,0.67
20160427,613.41,614.72,615.67,613.00,-,-0.33
20160426,615.42,614.31,617.42,614.31,-,1.35
20160425,607.23,607.23,609.30,605.99,-,-0.18
20160422,608.31,605.70,609.91,605.48,-,0.57
20160421,604.89,604.75,606.08,603.73,-,-0.18
20160420,606.00,607.34,610.83,605.70,-,-0.32
20160419,607.95,608.43,609.89,607.95,-,-0.44
20160418,610.64,613.26,613.84,609.94,-,-0.43
20160415,613.27,610.49,615.22,610.29,-,0.23
20160414,611.89,611.52,613.46,610.19,-,-0.14
20160413,612.74,614.59,615.24,610.60,-,-0.28
20160412,614.47,607.59,616.82,607.37,-,1.13
20160411,607.59,613.82,613.82,606.23,-,-1.08
20160408,614.25,615.85,617.96,608.90,-,-0.63
20160407,618.14,604.11,620.22,604.11,-,1.76
20160406,607.46,600.61,609.74,599.69,-,0.44
20160405,604.77,607.92,607.92,603.74,-,-0.51
20160404,607.87,608.72,610.63,604.21,-,-0.15
20160401,608.77,604.23,612.83,604.23,-,0.44
20160331,606.11,602.74,609.29,602.00,-,-0.07
20160330,606.56,600.70,606.56,600.70,-,0.70
20160329,602.32,604.41,605.93,598.54,-,-0.38
20160328,604.62,606.21,606.60,603.13,-,-0.70
20160325,608.86,606.01,609.32,604.95,-,-0.12
20160324,609.61,606.09,609.69,606.09,-,0.62
20160323,605.83,602.35,606.96,602.35,-,0.43
20160322,603.25,607.50,609.42,599.91,-,-0.74
20160321,607.76,600.84,608.44,600.31,-,0.95
20160318,602.04,601.38,604.38,595.96,-,0.23
20160317,600.67,598.62,602.20,598.44,-,-0.09
20160316,601.19,598.58,601.19,596.04,-,0.11
20160315,600.53,597.72,604.13,594.48,-,0.44
20160314,597.88,597.97,599.52,596.05,-,-0.09
20160311,598.43,597.88,601.40,595.73,-,0.44
20160310,595.80,594.36,596.85,594.34,-,0.40
20160309,593.42,590.34,594.90,590.34,-,-0.24
20160308,594.82,593.48,597.81,588.81,-,0.26
20160307,593.27,590.06,594.46,590.06,-,0.29
20160304,591.56,590.54,592.77,589.12,-,0.18
20160303,590.48,584.44,592.08,584.01,-,0.85
20160302,585.51,583.42,586.52,583.42,-,0.18
20160301,584.45,587.70,587.88,584.45,-,-0.55
20160229,587.70,588.82,590.03,587.19,-,-0.33
20160226,589.66,586.42,594.47,584.70,-,0.54
20160225,586.48,583.21,589.47,583.21,-,-0.28
20160224,588.13,579.78,590.56,579.77,-,1.16
20160223,581.41,584.70,584.84,578.54,-,-0.70
20160222,585.51,579.58,587.37,576.32,-,0.92
20160219,580.15,577.31,581.05,577.31,-,-0.10
20160218,580.72,579.12,582.25,577.72,-,0.44
20160217,578.20,581.56,583.06,577.78,-,-0.83
20160212,583.06,585.12,587.29,577.32,-,-0.77
20160211,587.56,587.15,588.52,583.86,-,-0.21
20160210,588.82,587.12,590.38,587.12,-,-0.13
20160209,589.56,593.64,594.44,586.59,-,-1.01
20160208,595.57,594.17,598.42,592.47,-,0.13
20160205,594.77,593.66,600.45,592.25,-,-0.71
20160204,599.02,603.84,604.08,596.47,-,-0.73
20160203,603.43,600.30,604.38,593.59,-,-0.58
20160202,606.95,603.84,608.33,602.82,-,-0.08
20160201,607.43,599.69,609.49,599.68,-,0.96
20160129,601.64,593.74,606.54,592.75,-,1.64
20160128,591.93,583.42,591.93,582.90,-,1.46
20160127,583.42,578.85,589.08,578.85,-,0.12
20160126,582.74,576.78,585.90,576.78,-,1.02
20160125,576.87,576.52,579.31,574.86,-,0.06
20160122,576.52,574.61,577.47,570.47,-,0.41
20160121,574.18,580.44,580.44,573.78,-,-1.08
20160120,580.44,586.45,586.54,578.56,-,-0.99
20160119,586.26,584.33,588.89,581.64,-,-0.61
20160118,589.86,598.73,598.73,587.54,-,-1.91
20160115,601.35,605.11,608.13,596.57,-,-0.66
20160114,605.33,617.08,617.83,598.86,-,-1.77
20160113,616.22,623.32,624.60,608.26,-,-1.41
20160112,625.03,624.43,627.12,619.37,-,-0.04
20160111,625.28,632.99,633.65,623.60,-,-1.24
20160108,633.12,632.27,634.92,632.27,-,-0.28
20160106,634.92,640.41,637.37,632.66,-,-0.01
20160105,634.97,640.41,644.30,634.97,-,-0.81
20160104,640.18,640.42,642.99,639.56,-,-0.61
20151231,644.10,633.56,644.10,631.68,-,2.07
20151230,631.02,627.33,634.89,624.88,-,0.62
20151229,627.14,621.98,630.52,621.32,-,0.40
20151228,624.66,623.01,626.09,620.42,-,0.26
20151225,623.01,622.50,626.13,619.94,-,-0.53
20151224,626.31,622.83,626.91,621.26,-,0.62
20151223,622.42,620.39,623.65,620.39,-,-0.20
20151222,623.66,624.17,627.07,621.33,-,-0.20
20151221,624.93,634.16,634.76,622.83,-,-1.70
20151218,635.72,638.42,639.24,632.68,-,-0.44
20151217,638.51,630.87,639.56,630.87,-,0.72
20151216,633.93,632.00,636.47,632.00,-,0.27
20151215,632.25,630.83,635.15,629.22,-,0.16
20151214,631.22,631.20,634.79,628.62,-,0.34
20151211,629.06,626.08,629.06,622.80,-,0.31
20151210,627.11,632.44,633.66,626.13,-,-0.80
20151209,632.19,640.96,641.77,629.45,-,-1.53
20151208,642.04,647.12,650.02,637.88,-,-0.79
20151207,647.13,641.21,651.00,640.21,-,0.89
20151204,641.43,627.47,646.71,627.47,-,2.49
20151203,625.86,623.04,627.98,623.04,-,0.39
20151202,623.44,619.48,624.35,616.03,-,0.67
20151201,619.28,616.76,619.53,614.74,-,0.16
20151130,618.26,617.95,620.60,616.46,-,-0.33
20151127,620.29,618.33,621.63,617.56,-,0.45
20151126,617.54,623.67,624.80,615.61,-,-1.29
20151125,625.58,622.93,628.33,619.64,-,0.43
20151124,622.93,612.32,624.98,612.32,-,1.76
20151123,612.16,603.67,613.03,599.68,-,1.32
20151120,604.16,602.46,610.11,601.58,-,0.27
20151119,602.56,600.13,604.59,599.18,-,0.40
20151118,600.13,602.69,605.24,599.10,-,-0.84
20151117,605.24,605.01,609.16,602.48,-,0.25
20151116,603.73,604.02,607.18,597.00,-,-0.21
20151113,605.01,603.30,606.41,601.83,-,-0.04
20151112,605.25,606.58,608.23,604.63,-,-0.28
20151110,606.94,605.31,608.75,605.31,-,0.13
20151109,606.18,601.15,606.18,601.15,-,0.27
20151106,604.53,609.45,610.85,602.31,-,-0.48
20151105,607.45,608.02,609.11,605.51,-,-0.32
20151104,609.39,611.99,615.16,601.60,-,-0.57
20151103,612.91,617.88,618.56,611.32,-,-0.74
20151102,617.48,618.21,620.87,617.11,-,0.30
20151030,615.63,621.83,621.83,615.63,-,-1.00
20151029,621.83,623.80,623.80,620.78,-,-0.42
20151028,624.48,623.00,626.28,621.33,-,0.24
20151027,623.00,620.14,624.19,619.34,-,0.30
20151026,621.14,623.76,623.76,620.19,-,-0.46
20151023,624.04,626.22,626.28,621.01,-,-0.80
20151022,629.07,626.03,629.21,625.88,-,0.21
20151021,627.75,627.25,630.58,625.79,-,0.08
20151020,627.26,628.41,629.98,627.02,-,-0.25
20151019,628.81,630.28,630.60,628.10,-,-0.23
20151016,630.28,624.82,631.59,624.82,-,0.43
20151015,627.56,630.24,630.44,625.65,-,-0.27
20151014,629.28,631.21,632.30,623.21,-,-0.31
20151013,631.21,632.37,632.69,630.55,-,-0.18
20151012,632.34,632.51,634.75,630.36,-,0.19
20151009,631.15,629.47,634.41,627.69,-,0.21
20151008,629.81,628.18,632.13,627.56,-,0.19
20151007,628.61,625.63,629.78,625.63,-,0.30
20151006,626.72,626.70,627.85,626.70,-,0.08
20151005,626.23,627.70,629.62,625.23,-,-0.24
20151002,627.74,627.46,628.90,624.37,-,0.04
20151001,627.48,627.98,629.59,625.03,-,-0.13
20150930,628.32,626.65,628.77,625.55,-,-0.06
20150929,628.70,629.88,630.78,626.82,-,-0.17
20150928,629.74,628.08,632.10,628.08,-,0.05
20150925,629.42,627.81,630.99,626.63,-,0.26
20150924,627.80,627.41,629.72,626.76,-,0.25
20150923,626.22,625.36,627.34,622.02,-,0.16
20150922,625.24,622.26,627.13,622.26,-,0.26
20150921,623.60,615.25,627.08,615.25,-,1.03
20150918,617.26,614.75,621.48,614.51,-,0.40
20150917,614.81,614.15,617.83,612.90,-,-0.06
20150916,615.16,619.70,622.01,610.09,-,-1.00
20150915,621.37,630.99,631.43,617.00,-,-1.52
20150914,630.99,635.31,635.98,630.82,-,-0.68
20150911,635.31,637.79,637.79,635.31,-,-0.39
20150910,637.82,638.27,639.32,637.20,-,-0.07
20150909,638.27,635.54,640.68,635.54,-,0.43
20150908,635.54,637.70,638.11,635.54,-,-0.50
20150907,638.75,636.16,638.97,636.16,-,0.16
20150904,637.76,638.02,640.34,636.65,-,-0.16
20150903,638.78,639.01,639.39,637.40,-,-0.19
20150902,639.97,638.33,641.71,638.32,-,0.58
20150901,636.30,633.09,639.93,633.09,-,0.36
20150831,634.04,637.75,640.84,629.10,-,-0.58
20150828,637.75,637.24,643.05,634.67,-,-0.00
20150827,637.77,636.87,641.83,635.56,-,0.14
20150826,636.87,634.34,639.24,631.69,-,0.40
20150825,634.34,643.12,648.14,630.12,-,-1.59
20150824,644.61,654.23,654.23,642.98,-,-1.52
20150821,654.58,657.77,657.81,653.50,-,-0.33
20150820,656.75,658.06,659.21,655.87,-,0.04
20150819,656.50,659.64,659.83,654.17,-,-0.48
20150818,659.64,657.44,661.33,656.79,-,0.10
20150817,658.96,659.07,661.00,656.93,-,-0.02
20150814,659.07,654.70,661.77,654.70,-,0.50
20150813,655.81,650.89,655.81,650.89,-,0.92
20150812,649.86,653.29,654.23,644.77,-,-0.55
20150811,653.48,650.28,653.97,646.91,-,0.49
20150810,650.28,647.65,652.78,647.64,-,0.31
20150807,648.25,649.50,650.07,648.25,-,-0.32
20150806,650.34,654.18,655.52,649.46,-,-0.32
20150805,652.40,652.97,656.05,650.12,-,-0.04
20150804,652.67,653.33,653.83,648.25,-,0.11
20150803,651.98,654.17,656.65,648.76,-,-0.41
20150731,654.67,652.95,656.24,652.95,-,0.17
20150730,653.55,653.08,655.79,652.38,-,-0.04
20150729,653.81,653.64,656.59,652.85,-,0.23
20150728,652.32,652.57,653.08,648.91,-,-0.04
20150727,652.56,654.36,655.34,649.67,-,-0.40
20150724,655.21,656.85,658.24,653.02,-,-0.25
20150723,656.85,654.16,657.91,654.16,-,-0.03
20150722,657.04,654.72,657.74,653.94,-,0.18
20150721,655.84,655.39,657.48,653.57,-,0.07
20150720,655.39,654.72,658.03,653.85,-,0.08
20150717,654.89,652.61,658.00,651.64,-,0.32
20150716,652.80,651.67,655.37,649.52,-,-0.05
20150715,653.15,653.24,660.15,651.76,-,-0.18
20150714,654.36,646.92,655.99,646.92,-,0.85
20150713,648.82,645.54,654.56,643.93,-,0.47
20150710,645.76,646.66,652.32,641.56,-,-0.11
20150709,646.44,645.32,649.09,643.22,-,0.17
20150708,645.32,636.42,650.76,636.42,-,0.92
20150707,639.41,636.26,642.35,633.64,-,0.47
20150706,636.43,635.85,641.43,632.88,-,-0.18
20150703,637.58,637.43,639.96,635.38,-,0.02
20150702,637.44,636.35,640.06,635.92,-,0.17
20150701,636.36,643.67,647.69,636.36,-,-1.46
20150630,645.79,647.96,651.29,645.79,-,-0.86
20150629,651.42,659.49,659.49,650.39,-,-1.20
20150626,659.30,666.59,668.56,659.07,-,-1.92
20150625,672.18,668.01,672.18,660.86,-,-1.18
20150624,680.23,673.78,684.93,672.08,-,-0.30
20150623,682.31,681.31,686.70,679.52,-,1.04
20150622,675.30,673.48,682.30,672.69,-,0.22
20150619,673.84,677.70,680.49,673.84,-,-0.53
20150618,677.46,675.98,680.88,675.98,-,0.39
20150617,674.84,681.04,681.66,674.84,-,-0.95
20150616,681.29,687.68,689.49,680.83,-,-1.16
20150615,689.26,691.92,694.16,687.69,-,-0.50
20150612,692.70,695.26,699.54,690.93,-,-0.37
20150611,695.26,691.42,697.43,683.47,-,0.53
20150610,691.62,691.92,696.18,687.16,-,-0.67
20150609,696.26,697.76,700.52,691.95,-,-0.16
20150608,697.36,693.26,703.83,693.26,-,-0.06
20150605,697.78,698.54,701.59,686.19,-,-0.08
20150604,698.33,702.92,705.44,697.36,-,-0.89
20150603,704.63,698.50,708.36,698.47,-,0.43
20150602,701.60,705.45,706.21,698.66,-,-0.58
20150601,705.72,710.26,710.26,704.20,-,-0.40
20150529,708.57,706.73,711.03,706.73,-,-0.36
20150528,711.11,708.10,712.90,707.89,-,0.17
20150527,709.91,717.21,717.61,704.37,-,-0.99
20150526,717.01,722.27,724.91,712.42,-,-0.73
20150525,722.27,718.32,722.66,711.68,-,0.57
20150522,718.18,725.21,725.21,715.46,-,-0.65
20150521,722.86,723.74,725.79,719.93,-,-0.21
20150520,724.37,720.63,726.66,720.63,-,0.33
20150519,721.99,727.84,727.84,719.92,-,-0.78
20150518,727.70,721.41,733.52,721.41,-,0.87
20150515,721.41,718.90,729.11,715.89,-,-0.36
20150514,723.99,725.57,727.07,715.40,-,1.09
20150513,716.18,708.35,721.21,708.35,-,1.21
20150512,707.59,708.68,710.71,704.93,-,-0.15
20150511,708.67,711.11,713.92,706.31,-,-0.39
20150508,711.45,707.57,713.20,705.32,-,0.29
20150507,709.37,704.29,716.51,704.29,-,0.72
20150506,704.29,704.12,707.76,701.96,-,0.02
20150505,704.12,702.06,709.98,702.06,-,0.10
20150504,703.40,695.78,710.43,695.78,-,0.55
20150430,699.52,698.98,706.51,696.26,-,-0.26
20150429,701.36,702.20,709.93,701.36,-,-0.32
20150428,703.60,707.33,718.86,699.16,-,-0.51
20150427,707.20,719.31,719.31,703.91,-,-1.77
20150424,719.94,723.77,727.17,718.03,-,-0.37
20150423,722.59,726.54,726.54,719.65,-,-0.54
20150422,726.54,726.02,729.66,723.86,-,0.07
20150421,726.02,726.25,728.62,719.38,-,-0.52
20150420,729.84,731.13,736.02,726.96,-,-0.77
20150417,735.50,748.41,749.45,730.68,-,-1.49
20150416,746.63,746.29,756.67,739.28,-,1.00
20150415,739.24,730.58,747.76,730.58,-,1.32
20150414,729.60,717.68,732.17,717.68,-,1.42
20150409,719.38,714.62,723.79,714.62,-,0.51
20150408,715.74,695.64,720.76,695.64,-,2.84
20150407,695.96,687.97,705.76,684.60,-,1.16
20150406,687.97,678.38,691.15,678.38,-,1.21
20150403,679.76,673.29,684.18,672.83,-,0.96
20150402,673.29,667.63,676.72,665.78,-,0.67
20150401,668.84,666.67,674.57,666.67,-,0.33
20150331,666.67,663.06,667.84,660.88,-,0.54
20150330,663.06,665.60,666.99,662.66,-,-0.38
20150327,665.60,661.77,668.31,661.77,-,-0.01
20150326,665.64,662.56,673.88,658.86,-,0.67
20150325,661.19,658.54,663.47,658.52,-,0.64
20150324,656.96,652.23,657.93,650.36,-,0.29
20150323,655.03,653.52,657.61,652.45,-,0.10
20150320,654.37,654.67,656.76,652.15,-,-0.02
20150319,654.48,651.83,654.75,651.05,-,0.30
20150318,652.51,650.30,655.60,650.30,-,-0.10
20150317,653.14,654.89,656.07,651.81,-,-0.44
20150316,656.04,660.64,660.64,651.59,-,-0.79
20150313,661.29,658.88,662.32,658.88,-,0.06
20150312,660.89,663.40,663.40,658.62,-,-0.38
20150311,663.40,666.32,666.51,660.69,-,-0.44
20150310,666.32,667.95,669.48,659.89,-,-0.48
20150309,669.53,672.34,673.57,668.18,-,-0.36
20150306,671.96,661.90,674.54,661.90,-,1.03
20150305,665.09,666.69,666.69,662.14,-,-0.24
20150304,666.69,664.49,669.87,664.49,-,0.33
20150303,664.49,661.96,668.08,661.96,-,0.41
20150302,661.80,658.53,662.32,657.78,-,0.58
20150227,658.01,659.28,660.13,657.85,-,-0.43
20150226,660.87,659.39,661.37,656.10,-,0.11
20150225,660.12,655.77,663.32,655.69,-,0.56
20150224,656.44,660.91,661.48,655.84,-,-0.63
20150223,660.63,663.03,663.28,659.87,-,-0.08
20150220,661.17,662.77,663.33,660.32,-,-0.23
20150219,662.70,661.78,664.64,659.56,-,0.00
20150218,662.70,666.53,666.76,662.70,-,-0.49
20150213,665.93,664.80,668.99,664.09,-,0.03
20150212,665.75,663.68,667.66,663.68,-,0.18
20150211,664.57,665.19,665.74,662.19,-,-0.12
20150210,665.36,665.74,666.35,663.96,-,-0.06
20150209,665.74,663.35,666.88,663.35,-,0.23
20150206,664.24,659.71,666.51,659.71,-,0.62
20150205,660.13,660.06,662.43,658.23,-,-0.16
20150204,661.19,659.88,663.27,659.06,-,-0.06
20150203,661.58,665.63,665.63,660.64,-,-0.62
20150202,665.68,664.14,667.74,663.43,-,0.21
20150130,664.27,665.02,667.47,656.80,-,-0.38
20150129,666.78,666.43,668.11,665.49,-,-0.23
20150128,668.32,670.06,672.44,667.29,-,-0.30
20150127,670.31,668.86,670.31,666.39,-,1.20
20150126,662.38,658.00,669.14,654.19,-,0.55
20150123,658.77,651.97,660.70,651.25,-,2.11
20150122,645.15,642.88,646.69,642.88,-,0.35
20150121,642.88,645.22,645.55,642.55,-,-0.39
20150120,645.39,649.69,649.93,645.39,-,-0.77
20150119,650.42,656.21,657.42,647.87,-,-1.42
20150116,659.78,654.25,659.78,654.25,-,0.63
20150115,655.63,655.98,657.28,654.43,-,-0.14
20150114,656.56,658.90,658.90,655.37,-,-0.36
20150113,658.94,661.88,661.88,655.17,-,-0.44
20150112,661.88,656.06,663.89,655.46,-,0.68
20150109,657.43,658.98,659.14,653.59,-,-0.24
20150108,658.98,657.68,659.39,657.68,-,-0.11
20150106,659.70,665.27,666.69,657.39,-,-1.17
20150105,667.49,660.94,670.43,660.77,-,0.07
20141231,667.02,665.55,671.37,664.83,-,1.14
20141230,659.52,654.44,661.02,653.73,-,0.76
20141229,654.53,655.97,655.97,652.05,-,-0.21
20141226,655.93,655.50,656.90,655.29,-,0.06
20141225,655.52,657.51,657.51,654.69,-,-0.30
20141224,657.52,655.55,657.52,655.55,-,-0.00
20141223,657.55,660.85,665.02,654.32,-,-0.50
20141222,660.85,654.43,666.89,650.90,-,1.15
20141219,653.31,653.69,660.84,651.52,-,0.57
20141218,649.63,654.83,657.57,649.63,-,-0.78
20141217,654.76,658.22,660.68,651.69,-,-1.78
20141216,666.63,672.70,672.70,665.80,-,-0.96
20141215,673.10,676.77,678.99,671.37,-,-1.20
20141212,681.25,681.00,681.25,673.95,-,-0.13
20141211,682.11,685.09,687.10,681.28,-,-0.82
20141210,687.78,690.19,690.32,686.07,-,-0.41
20141209,690.61,701.62,701.62,687.48,-,-1.82
20141208,703.44,705.90,707.61,702.58,-,-0.35
20141205,705.94,703.60,711.65,703.54,-,0.50
20141204,702.42,688.58,705.95,688.58,-,1.92
20141203,689.20,689.32,692.65,686.51,-,-0.04
20141202,689.45,692.45,692.96,689.08,-,-0.61
20141201,693.66,696.66,697.44,691.98,-,-0.47
20141128,696.91,701.75,702.37,696.91,-,-0.69
20141127,701.75,698.63,702.66,698.04,-,0.31
20141126,699.59,693.63,701.89,693.63,-,0.86
20141125,693.64,690.00,694.77,690.00,-,0.22
20141124,692.15,689.67,693.88,689.67,-,0.42
20141121,689.25,686.83,690.45,686.83,-,0.30
20141120,687.19,689.40,689.84,685.10,-,-0.71
20141119,692.08,693.80,694.82,689.78,-,-0.39
20141118,694.79,690.89,694.79,690.40,-,0.35
20141117,692.35,688.85,693.87,688.85,-,0.30
20141114,690.29,692.71,694.85,689.25,-,-0.35
20141113,692.71,685.45,697.55,684.78,-,0.94
20141112,686.29,688.06,690.67,681.78,-,-0.27
20141110,688.15,692.33,692.65,685.31,-,-0.60
20141107,692.33,693.85,697.18,690.46,-,-0.41
20141106,695.19,696.84,696.84,691.18,-,-0.31
20141105,697.32,698.17,698.50,696.63,-,-0.10
20141104,697.99,696.26,698.74,695.60,-,0.17
20141103,696.78,701.50,703.21,695.60,-,-0.77
20141031,702.21,699.09,705.80,698.62,-,0.32
20141030,699.98,700.25,703.88,699.98,-,-0.29
20141029,702.01,705.65,705.66,697.96,-,-0.65
20141028,706.58,697.45,707.49,696.72,-,1.04
20141027,699.31,699.36,704.63,699.31,-,-0.27
20141024,701.18,699.73,702.38,699.73,-,0.13
20141023,700.27,695.26,702.51,695.26,-,1.02
20141022,693.18,697.80,697.80,691.71,-,-0.68
20141021,697.93,693.30,699.30,693.07,-,0.37
20141020,695.36,690.76,696.73,690.76,-,0.39
20141017,692.63,693.32,694.09,691.00,-,-0.11
20141016,693.40,685.93,696.85,685.93,-,0.90
20141015,687.19,682.03,688.63,681.07,-,0.68
20141014,682.56,685.50,685.50,674.94,-,-0.56
20141013,686.40,687.08,688.48,680.29,-,-0.44
20141010,689.46,686.32,690.78,684.91,-,0.33
20141009,687.18,687.90,690.37,686.39,-,-0.33
20141008,689.46,688.64,690.95,686.85,-,0.04
20141007,689.18,677.12,691.28,677.12,-,1.51
20141006,678.91,680.24,682.62,677.44,-,-0.17
20141003,680.09,676.97,683.94,676.38,-,0.55
20141002,676.36,672.68,679.12,670.61,-,0.26
20141001,674.63,653.81,675.12,653.81,-,2.00
20140930,661.38,658.25,663.07,657.63,-,0.05
20140929,661.03,651.95,661.03,650.92,-,-0.30
20140926,663.01,662.47,666.03,661.16,-,0.01
20140925,662.95,652.96,664.73,652.96,-,1.84
20140924,650.95,650.70,653.47,647.85,-,0.12
20140923,650.14,642.30,650.14,642.30,-,1.23
20140922,642.24,643.34,644.31,641.03,-,-0.30
20140919,644.19,636.27,652.28,636.27,-,1.17
20140918,636.72,633.59,636.72,627.57,-,1.00
20140917,630.43,630.34,630.81,629.59,-,-0.03
20140916,630.60,632.03,633.29,628.52,-,-0.37
20140915,632.92,633.93,633.93,630.46,-,-0.51
20140912,636.19,634.64,638.13,634.39,-,0.02
20140911,636.09,630.71,637.76,629.37,-,0.81
20140910,630.98,631.52,635.22,630.54,-,-0.20
20140909,632.23,630.20,633.11,629.31,-,0.35
20140908,630.00,631.56,631.56,624.27,-,-0.46
20140905,632.92,631.69,633.30,631.05,-,0.19
20140904,631.69,631.12,632.71,630.84,-,-0.35
20140903,633.92,630.93,635.21,630.93,-,0.48
20140902,630.89,632.41,633.15,629.72,-,-0.24
20140901,632.40,629.93,633.56,629.93,-,0.40
20140829,629.89,632.69,633.55,624.96,-,-0.65
20140828,633.98,631.01,636.19,630.95,-,-0.05
20140827,634.30,629.48,638.24,629.48,-,0.73
20140826,629.70,625.00,637.10,625.00,-,0.75
20140825,625.00,622.77,625.82,619.61,-,0.32
20140822,622.98,619.80,624.74,619.80,-,0.58
20140821,619.36,618.09,620.82,618.00,-,0.03
20140820,619.19,615.04,619.19,614.93,-,0.67
20140819,615.04,614.52,615.97,613.47,-,0.34
20140818,612.93,609.20,615.53,609.04,-,0.53
20140815,609.71,606.96,611.56,606.68,-,0.22
20140814,608.39,610.78,611.50,608.31,-,0.15
20140813,607.50,602.67,607.90,601.98,-,0.92
20140812,601.99,600.25,603.79,600.25,-,0.31
20140811,600.10,603.50,603.50,598.59,-,-0.56
20140808,603.50,602.06,606.37,602.06,-,0.24
20140807,602.06,594.59,602.40,594.07,-,0.96
20140806,596.34,601.15,601.15,594.77,-,-0.92
20140805,601.89,599.44,602.69,599.32,-,0.45
20140804,599.22,597.80,600.65,596.09,-,-0.13
20140801,599.99,597.76,602.36,597.12,-,0.45
20140731,597.28,590.93,598.16,590.11,-,0.95
20140730,591.65,594.64,594.64,591.63,-,-0.51
20140729,594.66,590.64,594.71,590.64,-,0.57
20140728,591.27,593.70,595.06,591.27,-,-0.43
20140725,593.81,587.62,594.93,587.62,-,0.93
20140724,588.35,589.73,589.96,587.02,-,-0.32
20140723,590.26,588.12,591.05,586.29,-,0.33
20140722,588.29,583.31,588.51,582.91,-,0.78
20140721,583.71,583.92,584.72,582.42,-,-0.01
20140718,583.77,581.51,583.77,580.23,-,0.39
20140717,581.53,581.51,583.07,580.72,-,-0.00
20140716,581.55,579.88,582.60,579.43,-,0.29
20140715,579.88,576.85,579.88,576.66,-,0.41
20140714,577.50,579.73,579.73,577.00,-,-0.38
20140711,579.73,578.65,579.98,578.65,-,0.07
20140710,579.30,579.11,580.03,578.98,-,-0.11
20140709,579.93,578.29,580.77,578.29,-,0.33
20140708,578.00,575.88,578.34,574.86,-,0.34
20140707,576.05,577.31,577.57,575.74,-,-0.20
20140704,577.18,578.58,578.58,575.89,-,-0.14
20140703,578.01,578.57,578.57,575.44,-,-0.14
20140702,578.81,574.94,579.65,574.94,-,0.70
20140701,574.78,570.57,575.00,569.75,-,0.88
20140630,569.75,568.51,570.25,568.10,-,0.04
20140627,569.51,567.60,571.30,566.83,-,0.23
20140626,568.19,568.77,569.33,567.90,-,-0.32
20140625,570.02,570.22,570.78,569.84,-,-0.18
20140624,571.03,574.54,574.54,570.53,-,-0.65
20140623,574.75,572.56,575.30,572.56,-,0.08
20140620,574.29,573.62,575.37,573.46,-,0.14
20140619,573.47,575.10,575.24,570.08,-,-0.31
20140618,575.27,577.20,578.44,571.17,-,-1.45
20140617,583.71,585.25,586.05,582.87,-,-0.26
20140616,585.21,585.03,587.39,582.05,-,-0.29
20140613,586.90,586.30,587.89,585.97,-,-0.15
20140612,587.78,587.31,587.86,586.13,-,0.08
20140611,587.31,586.86,587.99,585.75,-,0.07
20140610,586.89,585.20,588.47,583.36,-,0.26
20140609,585.35,583.08,585.49,582.86,-,-0.15
20140606,586.20,584.17,586.41,583.61,-,0.28
20140605,584.55,583.75,586.49,582.41,-,0.13
20140604,583.80,585.00,585.51,583.24,-,-0.29
20140603,585.47,586.96,587.39,582.35,-,-0.19
20140602,586.57,586.98,587.97,583.68,-,-0.01
20140530,586.62,583.98,587.17,583.12,-,0.32
20140529,584.74,583.89,585.84,582.99,-,-0.15
20140528,585.62,580.92,587.10,580.89,-,0.49
20140527,582.74,583.89,585.48,581.88,-,-0.20
20140526,583.89,584.00,585.44,580.60,-,-0.02
20140523,584.01,584.83,586.24,583.58,-,-0.36
20140522,586.14,585.14,586.45,585.14,-,0.29
20140521,584.47,586.26,586.64,581.12,-,-0.39
20140520,586.78,583.27,589.38,582.27,-,0.60
20140519,583.27,585.01,585.01,579.12,-,-0.31
20140516,585.08,585.53,588.04,585.08,-,0.05
20140515,584.77,585.32,586.97,583.98,-,-0.19
20140514,585.89,582.39,587.51,582.34,-,0.56
20140513,582.64,582.34,584.74,580.11,-,-0.12
20140512,583.35,582.05,583.35,579.89,-,0.20
20140509,582.20,579.54,583.42,578.19,-,0.32
20140508,580.32,578.36,581.57,578.36,-,0.40
20140507,578.01,578.53,578.53,575.74,-,-0.09
20140506,578.53,577.02,580.57,575.45,-,-0.17
20140505,579.54,583.69,584.24,579.36,-,-0.82
20140430,584.34,583.79,584.92,583.08,-,-0.08
20140429,584.80,583.55,585.10,583.37,-,0.11
20140428,584.18,582.84,584.62,582.19,-,-0.07
20140425,584.57,582.51,585.39,581.73,-,0.20
20140424,583.42,583.67,585.03,582.97,-,0.15
20140423,582.56,580.97,583.99,580.97,-,0.18
20140422,581.53,581.46,582.54,580.64,-,0.06
20140417,581.19,578.28,581.19,577.10,-,0.50
20140416,578.27,577.13,579.14,575.90,-,-0.00
20140415,578.28,581.27,581.27,577.63,-,-0.51
20140414,581.27,578.00,583.19,577.80,-,0.14
20140411,580.47,575.88,582.09,575.88,-,0.54
20140410,577.38,576.81,577.47,575.33,-,-0.05
20140409,577.67,574.52,579.13,574.52,-,0.50
20140408,574.80,574.11,576.39,574.02,-,0.06
20140407,574.46,575.36,578.31,573.00,-,-0.16
20140404,575.36,576.38,578.59,574.83,-,-0.20
20140403,576.50,569.15,577.16,568.58,-,1.07
20140402,570.40,565.81,571.37,564.73,-,0.81
20140401,565.81,563.10,567.13,562.95,-,0.29
20140331,564.18,561.96,565.16,559.26,-,-0.16
20140328,565.10,559.51,567.25,559.51,-,0.07
20140327,564.72,560.98,565.27,560.85,-,0.39
20140326,562.53,563.79,565.03,561.03,-,-0.22
20140325,563.79,562.21,564.58,562.21,-,0.16
20140324,562.89,563.33,564.19,559.36,-,-0.05
20140321,563.17,564.18,566.02,561.43,-,-0.25
20140320,564.56,569.97,569.97,564.30,-,-0.96
20140319,570.02,566.50,570.59,566.50,-,0.37
20140318,567.90,568.24,568.24,565.10,-,-0.06
20140317,568.24,569.67,569.75,564.76,-,-0.25
20140314,569.67,569.05,572.12,566.31,-,0.11
20140313,569.05,566.96,569.79,566.96,-,0.11
20140312,568.40,566.51,569.09,558.50,-,0.33
20140311,566.51,568.17,568.17,565.88,-,-0.27
20140310,568.02,570.36,570.36,567.17,-,-0.40
20140307,570.30,570.73,572.33,569.25,-,-0.08
20140306,570.73,563.51,570.73,563.51,-,1.25
20140305,563.69,560.07,566.72,560.07,-,0.65
20140304,560.03,564.63,566.43,559.96,-,-0.93
20140303,565.30,567.77,567.77,564.40,-,-0.48
20140228,568.02,572.41,577.42,560.79,-,-0.99
20140227,573.72,573.94,575.17,571.80,-,-0.15
20140226,574.57,574.87,576.11,573.78,-,-0.07
20140225,574.97,573.42,576.26,566.77,-,0.32
20140224,573.11,571.21,574.84,569.73,-,0.33
20140221,571.21,570.68,571.21,569.19,-,-0.11
20140220,571.85,569.79,575.65,568.89,-,0.30
20140219,570.15,565.77,573.69,565.38,-,1.00
20140218,564.49,564.41,565.09,562.90,-,0.11
20140214,563.85,566.08,566.08,561.78,-,-0.39
20140213,566.08,565.41,566.26,561.89,-,-0.25
20140212,567.48,567.57,568.65,565.60,-,-0.33
20140211,569.34,568.51,569.34,567.19,-,0.15
20140210,568.51,569.94,569.94,566.28,-,-0.27
20140207,570.03,569.74,570.54,567.50,-,-0.22
20140206,571.29,566.53,571.65,566.26,-,0.39
20140205,569.09,570.01,571.18,568.56,-,-0.16
20140204,570.01,572.02,572.36,568.05,-,-0.42
20140203,572.41,574.19,574.95,571.93,-,-0.24
20140131,573.79,569.20,574.87,569.20,-,0.86
20140130,568.87,566.95,570.12,565.25,-,0.42
20140129,566.48,565.84,567.34,564.76,-,0.08
20140128,566.01,565.18,566.83,562.59,-,-0.26
20140127,567.46,576.30,577.63,562.34,-,-1.68
20140124,577.14,576.62,577.70,576.04,-,-0.17
20140123,578.12,575.17,581.01,573.07,-,0.33
20140122,576.22,576.06,576.88,573.16,-,-0.18
20140121,577.27,575.17,578.56,574.36,-,0.28
20140120,575.65,575.60,576.70,573.94,-,-0.01
20140117,575.69,573.08,577.45,573.08,-,0.67
20140116,571.85,570.50,572.43,570.50,-,-0.05
20140115,572.13,576.07,577.23,570.22,-,-0.62
20140114,575.72,571.59,575.72,571.59,-,0.66
20140113,571.93,572.22,574.06,570.93,-,0.02
20140110,571.79,558.44,572.99,558.44,-,2.06
20140109,560.23,559.35,562.28,557.57,-,0.16
20140108,559.33,560.28,560.28,558.82,-,-0.17
20140106,560.28,557.75,560.28,556.33,-,0.52
20140103,557.38,557.26,558.82,554.19,-,-0.11
20131231,557.97,552.53,565.34,543.07,-,0.93
20131230,552.82,550.86,554.55,550.72,-,0.22
20131227,551.59,548.22,552.67,545.77,-,0.47
20131226,549.03,548.90,550.87,547.89,-,-0.21
20131225,550.19,548.45,550.74,547.65,-,0.21
20131224,549.03,554.98,560.08,548.46,-,-0.70
20131223,552.89,552.82,554.04,550.72,-,0.00
20131220,552.87,553.28,553.92,550.35,-,-0.02
20131219,553.00,549.19,553.63,548.81,-,0.48
20131218,550.34,549.65,551.68,548.98,-,-0.21
20131217,551.48,550.54,551.72,548.36,-,0.12
20131216,550.84,551.14,553.10,549.77,-,-0.03
20131213,550.99,554.66,555.91,550.84,-,-0.75
20131212,555.16,548.82,556.21,548.57,-,0.85
20131211,550.46,547.36,550.99,547.34,-,0.57
20131210,547.36,545.93,547.52,545.30,-,0.27
20131209,545.86,545.42,547.72,545.23,-,-0.07
20131206,546.24,544.06,547.41,543.62,-,0.47
20131205,543.68,543.55,544.52,543.19,-,0.00
20131204,543.67,544.37,545.77,543.24,-,0.09
20131203,543.17,541.05,543.81,540.43,-,-0.26
20131202,544.59,539.64,545.59,539.64,-,0.55
20131129,541.61,541.16,541.64,537.75,-,0.13
20131128,540.93,540.12,543.45,538.67,-,-0.34
20131127,542.75,537.32,544.57,536.95,-,0.90
20131126,537.89,538.92,538.93,536.47,-,-0.25
20131125,539.26,537.72,540.86,536.47,-,-0.40
20131122,541.42,541.39,542.04,540.18,-,-0.26
20131121,542.84,542.84,543.63,542.08,-,-0.10
20131120,543.40,535.85,543.91,535.85,-,1.41
20131119,535.85,530.77,541.83,530.77,-,0.96
20131118,530.77,529.28,531.57,527.78,-,0.64
20131115,527.40,525.14,528.04,525.14,-,0.45
20131114,525.02,523.02,525.65,523.02,-,0.38
20131113,523.05,523.45,524.05,522.09,-,-0.08
20131112,523.45,528.09,528.09,523.02,-,-0.93
20131108,528.36,524.07,528.43,522.60,-,0.77
20131107,524.34,523.22,524.56,522.26,-,0.15
20131106,523.58,523.07,524.71,522.27,-,0.07
20131105,523.22,523.59,523.94,521.84,-,-0.08
20131104,523.64,521.51,523.64,521.51,-,0.26
20131101,522.29,522.71,523.00,520.17,-,-0.14
20131031,523.02,522.08,523.42,521.35,-,0.21
20131030,521.94,521.96,524.14,518.85,-,-0.05
20131029,522.19,521.73,522.19,519.90,-,0.09
20131028,521.73,520.23,523.00,519.44,-,0.48
20131025,519.26,521.84,522.53,518.00,-,-0.49
20131024,521.80,521.65,523.04,519.07,-,-0.14
20131023,522.55,524.94,525.49,521.50,-,-0.51
20131022,525.25,523.24,525.59,522.92,-,0.63
20131021,521.96,521.11,521.96,519.84,-,-0.15
20131018,522.74,522.49,524.69,519.73,-,0.08
20131017,522.32,520.84,522.87,519.89,-,0.20
20131016,521.26,519.14,523.79,515.21,-,0.61
20131015,518.08,518.91,519.40,517.60,-,0.16
20131014,517.24,520.27,521.00,515.73,-,-0.66
20131011,520.70,518.79,522.20,517.94,-,0.37
20131010,518.79,519.14,519.79,518.05,-,-0.15
20131009,519.58,517.57,519.87,517.17,-,0.32
20131008,517.91,517.09,518.54,516.15,-,0.19
20131007,516.95,517.57,517.72,514.90,-,-0.20
20131004,518.01,520.85,521.53,516.96,-,-0.76
20131003,522.00,520.87,522.32,518.87,-,0.24
20131002,520.73,525.94,525.94,519.86,-,-0.92
20131001,525.57,524.00,528.83,523.75,-,0.14
20130930,524.84,534.56,534.56,522.57,-,-2.00
20130927,535.56,523.61,536.49,520.75,-,2.28
20130926,523.61,522.96,525.10,520.94,-,0.54
20130925,520.80,518.55,521.51,517.94,-,0.45
20130924,518.45,516.64,518.58,516.64,-,0.16
20130923,517.63,520.35,521.18,516.91,-,-0.58
20130920,520.63,519.19,522.13,517.95,-,0.16
20130919,519.80,523.14,523.76,519.50,-,-0.64
20130918,523.14,521.72,523.56,520.03,-,0.27
20130917,521.72,526.81,531.43,521.72,-,-0.87
20130916,526.31,521.93,527.14,521.93,-,0.54
20130913,523.46,521.80,523.71,518.28,-,0.32
20130912,521.77,520.01,522.56,518.78,-,0.27
20130911,520.34,523.64,523.64,518.42,-,-0.70
20130910,524.03,524.79,524.79,520.38,-,-0.13
20130909,524.72,522.43,524.74,521.23,-,0.45
20130906,522.38,522.84,522.97,521.12,-,-0.10
20130905,522.91,521.43,524.93,521.43,-,0.18
20130904,521.99,516.75,523.29,516.75,-,1.02
20130903,516.74,519.70,520.60,516.74,-,-0.67
20130902,520.24,521.57,525.55,519.97,-,-0.13
20130830,520.91,514.09,524.87,513.65,-,1.33
20130829,514.09,510.54,515.99,510.29,-,0.51
20130828,511.49,510.98,513.70,510.03,-,0.10
20130827,510.98,508.59,519.94,506.22,-,0.33
20130826,509.32,503.40,509.42,503.40,-,1.11
20130823,503.72,499.91,505.79,495.80,-,0.80
20130822,499.74,499.19,501.01,498.70,-,-0.80
20130821,503.77,501.26,505.33,498.88,-,0.50
20130820,501.26,499.76,502.68,499.76,-,0.45
20130819,499.03,496.99,500.19,496.99,-,0.06
20130816,498.75,500.95,501.46,496.86,-,-0.03
20130815,498.89,497.13,500.12,497.13,-,0.14
20130814,498.21,500.69,500.69,496.15,-,-0.49
20130813,500.65,498.30,500.70,497.42,-,-0.03
20130812,500.79,502.44,503.65,498.71,-,-0.41
20130809,502.85,500.73,504.17,499.89,-,0.30
20130808,501.34,502.45,503.09,500.78,-,-0.22
20130807,502.45,500.86,502.45,500.11,-,0.31
20130806,500.88,497.96,502.45,496.17,-,0.68
20130805,497.52,500.15,501.42,496.07,-,-0.51
20130802,500.07,500.14,500.51,499.66,-,-0.06
20130801,500.37,499.77,501.27,498.83,-,0.04
20130731,500.15,505.15,505.62,499.20,-,-1.01
20130730,505.26,496.35,505.26,491.96,-,1.80
20130729,496.35,498.27,498.52,492.35,-,-0.69
20130726,499.78,499.45,500.28,498.19,-,-0.06
20130725,500.08,500.04,500.08,496.55,-,0.01
20130724,500.04,497.64,500.36,494.68,-,0.58
20130723,497.15,497.25,499.71,494.52,-,-0.03
20130722,497.32,504.58,505.27,497.23,-,-0.02
20130719,497.42,492.20,498.69,491.85,-,0.91
20130718,492.92,491.49,495.71,491.33,-,0.29
20130717,491.48,487.27,491.74,487.25,-,0.86
20130716,487.27,487.22,488.64,486.21,-,-0.11
20130715,487.81,488.56,489.04,487.34,-,-0.18
20130712,488.71,488.78,489.29,487.51,-,0.03
20130711,488.54,488.59,490.34,486.37,-,-0.31
20130710,490.04,488.55,490.05,487.04,-,0.32
20130709,488.50,488.78,488.78,486.32,-,-0.06
20130708,488.77,487.76,490.34,485.87,-,0.10
20130705,488.30,488.60,489.61,486.56,-,-0.07
20130704,488.62,480.43,488.62,480.43,-,1.70
20130703,480.44,476.32,480.69,475.26,-,0.81
20130702,476.56,477.17,479.16,476.13,-,-0.16
20130701,477.31,478.55,481.42,476.12,-,-0.57
20130628,480.06,476.23,481.12,475.78,-,0.85
20130627,476.03,479.31,480.36,475.70,-,-0.60
20130626,478.92,481.64,481.80,477.63,-,-0.56
20130625,481.64,488.24,488.56,481.17,-,-1.71
20130624,490.00,482.72,491.01,482.36,-,1.51
20130621,482.73,484.96,487.79,482.55,-,-0.35
20130620,484.42,491.12,491.12,484.37,-,-2.01
20130619,494.38,490.44,495.57,490.44,-,0.80
20130618,490.44,481.20,491.71,479.44,-,1.92
20130617,481.20,488.18,489.51,480.09,-,-2.51
20130614,493.58,492.82,495.41,492.46,-,-0.23
20130613,494.70,492.06,497.39,488.85,-,0.54
20130612,492.06,491.91,492.85,491.04,-,-0.42
20130611,494.14,495.24,496.28,492.39,-,-0.25
20130610,495.38,500.18,500.75,494.87,-,-1.44
20130607,502.64,498.37,504.26,497.79,-,0.86
20130606,498.37,498.11,499.20,495.28,-,-0.30
20130605,499.87,502.48,503.14,498.70,-,-2.14
20130604,510.80,520.47,520.47,508.71,-,-1.86
20130603,520.47,524.42,525.15,517.07,-,-0.80
20130531,524.65,528.00,528.99,524.60,-,-0.37
20130530,526.62,530.20,530.20,522.31,-,-0.73
20130529,530.48,529.92,531.25,527.92,-,0.11
20130528,529.92,528.48,530.64,526.95,-,-0.29
20130527,531.44,534.64,534.64,529.54,-,-0.61
20130524,534.68,536.42,536.46,534.48,-,-0.32
20130523,536.42,540.92,540.92,535.65,-,-0.80
20130522,540.75,541.94,543.85,537.31,-,-0.16
20130521,541.63,543.15,544.37,540.01,-,-1.19
20130520,548.13,551.43,552.69,547.16,-,-0.65
20130517,551.69,551.73,552.38,549.70,-,-0.15
20130516,552.52,553.01,553.89,551.00,-,-0.45
20130515,555.04,558.88,561.26,553.82,-,-0.69
20130514,558.88,556.87,559.87,556.87,-,0.27
20130513,557.38,555.91,558.73,554.12,-,0.10
20130510,556.83,556.08,559.28,554.92,-,-0.23
20130509,558.09,556.16,558.31,555.83,-,0.17
20130508,557.14,561.07,561.10,554.81,-,-0.83
20130507,561.81,559.25,564.22,558.62,-,0.39
20130430,559.63,563.24,563.24,558.13,-,-0.64
20130429,563.24,567.81,567.81,561.90,-,-1.21
20130426,570.14,577.94,577.94,565.09,-,-1.32
20130425,577.79,578.30,580.83,576.54,-,-0.05
20130424,578.09,572.15,580.53,572.15,-,1.04
20130423,572.15,572.10,572.96,568.21,-,0.01
20130422,572.10,567.77,574.79,567.77,-,1.01
20130419,566.36,566.45,567.08,564.34,-,-0.55
20130418,569.48,566.31,569.48,565.29,-,0.56
20130417,566.31,573.28,573.56,566.07,-,-1.30
20130416,573.75,575.04,575.54,573.20,-,-0.22
20130415,575.04,574.56,576.59,573.08,-,-0.52
20130412,578.02,580.59,580.90,576.02,-,-0.47
20130411,580.76,582.18,584.14,579.70,-,-0.28
20130410,582.41,582.39,584.81,580.71,-,0.00
20130409,582.39,584.75,586.51,578.56,-,-0.73
20130408,586.65,585.07,586.65,583.66,-,-0.04
20130405,586.90,588.04,588.75,585.31,-,0.24
20130404,585.51,584.41,588.54,582.56,-,0.19
20130403,584.40,579.11,585.21,579.11,-,0.74
20130402,580.12,576.50,580.66,574.86,-,0.27
20130401,578.57,577.53,580.16,576.10,-,0.12
20130329,577.90,576.72,578.62,574.93,-,0.20
20130328,576.72,575.72,578.47,575.72,-,0.05
20130327,576.45,574.39,577.50,573.92,-,-0.17
20130326,577.43,576.51,578.39,574.36,-,0.24
20130325,576.04,571.04,576.55,570.95,-,0.58
20130322,572.71,570.77,573.55,570.77,-,0.15
20130321,571.88,570.73,572.43,570.16,-,0.20
20130320,570.74,568.60,571.58,567.84,-,0.02
20130319,570.65,572.14,572.85,568.97,-,-1.01
20130318,576.47,582.56,582.81,575.58,-,-0.26
20130315,577.98,574.73,578.31,574.73,-,0.58
20130314,574.64,576.73,578.13,574.64,-,-0.48
20130313,577.42,576.22,578.01,574.04,-,0.21
20130312,576.22,571.45,576.94,571.45,-,0.67
20130311,572.36,570.66,574.25,570.22,-,0.06
20130308,571.99,570.48,572.87,570.48,-,0.05
20130307,571.68,574.23,574.93,571.38,-,-0.55
20130306,574.85,572.60,576.64,572.30,-,0.20
20130305,573.69,570.93,574.45,570.93,-,0.35
20130304,571.71,570.52,572.86,569.09,-,0.11
20130301,571.07,570.18,573.20,569.82,-,0.15
20130228,570.22,564.03,571.78,564.03,-,1.05
20130227,564.29,569.81,569.81,560.24,-,-0.97
20130226,569.81,571.85,573.57,567.29,-,1.14
20130225,563.39,557.45,564.30,557.03,-,1.01
20130222,557.73,556.35,557.73,556.03,-,0.09
20130221,557.22,554.28,557.92,554.28,-,0.52
20130220,554.35,555.54,557.16,553.01,-,-0.22
20130219,555.58,553.20,556.15,551.56,-,0.35
20130218,553.62,553.34,555.49,552.93,-,0.02
20130214,553.49,551.87,556.01,551.18,-,-0.05
20130213,553.75,551.68,556.62,550.23,-,-0.74
20130212,557.87,558.44,560.29,551.93,-,0.88
20130211,553.01,547.84,554.85,546.77,-,0.89
20130208,548.12,550.31,550.74,548.12,-,-0.40
20130207,550.31,547.48,554.76,547.13,-,0.27
20130206,548.85,550.11,551.17,543.49,-,-0.49
20130205,551.55,552.97,553.54,549.60,-,-0.50
20130204,554.30,560.99,561.86,550.30,-,-1.41
20130201,562.20,569.06,569.13,560.78,-,-1.34
20130131,569.86,561.78,571.04,561.78,-,1.28
20130130,562.67,561.08,567.44,560.94,-,-0.61
20130129,566.11,571.48,571.48,563.04,-,-0.89
20130128,571.17,569.38,573.65,567.96,-,-0.23
20130125,572.47,569.23,576.53,569.23,-,1.24
20130124,565.44,560.97,567.45,560.97,-,0.94
20130123,560.17,557.46,562.86,557.46,-,0.33
20130122,558.35,557.64,562.44,556.97,-,0.04
20130121,558.10,553.57,560.47,553.57,-,0.68
20130118,554.34,558.97,560.11,550.57,-,-1.50
20130117,562.79,563.29,567.68,557.69,-,1.24
20130116,555.90,551.97,561.07,551.97,-,0.98
20130115,550.53,551.18,553.92,548.98,-,0.83
20130114,545.98,541.83,546.90,541.83,-,1.92
20130111,535.69,534.00,536.92,532.79,-,0.72
20130110,531.87,526.14,533.07,526.14,-,0.61
20130109,528.65,529.01,530.21,527.12,-,-0.07
20130108,529.01,532.22,534.19,528.34,-,-0.85
20130104,533.53,522.74,533.71,522.30,-,1.63
20130103,524.98,523.13,524.98,520.47,-,0.21
20121231,523.89,519.32,525.90,516.20,-,0.69
20121228,520.30,513.67,520.30,512.83,-,0.81
20121227,516.10,507.75,519.42,507.25,-,1.45
20121226,508.71,507.02,510.52,506.43,-,-0.19
20121225,509.67,511.52,512.77,508.76,-,-0.26
20121224,510.99,513.41,515.22,510.99,-,-1.05
2016 20128,,,,,,
