fecha,ultimo,apertura,maximo,minimo,volumen,variacion
20120702,1.09,1.08,1.1,1.07,507.93K,0
20120703,1.11,1.1,1.11,1.07,622.97K,1.83
20120704,1.1,1.11,1.11,1.08,136.40K,-0.9
20120705,1.15,1.08,1.16,1.08,574.58K,4.55
20120706,1.14,1.15,1.15,1.13,354.24K,-0.87
20120710,1.09,1.14,1.14,1.08,395.65K,-4.39
20120711,1.14,1.11,1.14,1.1,110.10K,4.59
20120712,1.11,1.12,1.13,1.11,151.65K,-2.63
20120713,1.1,1.12,1.12,1.08,201.38K,-0.9
20120716,1.14,1.11,1.16,1.11,1.26M,3.64
20120717,1.15,1.14,1.15,1.13,532.31K,0.88
20120718,1.21,1.16,1.22,1.16,1.90M,5.22
20120719,1.21,1.23,1.23,1.19,1.13M,0
20120720,1.19,1.2,1.2,1.18,635.62K,-1.65
20120723,1.19,1.15,1.2,1.15,840.79K,0
20120724,1.17,1.18,1.19,1.15,844.06K,-1.68
20120725,1.19,1.18,1.22,1.16,2.87M,1.71
20120726,1.18,1.2,1.2,1.17,504.46K,-0.84
20120727,1.13,1.16,1.16,1.13,1.37M,-4.24
20120730,1.11,1.13,1.13,1.1,321.93K,-1.77
20120731,1.09,1.09,1.1,1.08,795.77K,-1.8
20120801,1.08,1.07,1.09,1.07,153.76K,-0.92
20120802,1.09,1.07,1.09,1.07,417.82K,0.93
20120803,1.12,1.1,1.13,1.08,823.06K,2.75
20120806,1.12,1.11,1.13,1.11,136.33K,0
20120807,1.1,1.12,1.12,1.07,454.78K,-1.79
20120808,1.1,1.09,1.12,1.08,798.40K,0
20120809,1.07,1.11,1.11,1.06,1.01M,-2.73
20120810,1.05,1.06,1.06,1.03,521.61K,-1.87
20120813,1.06,1.06,1.07,1.06,307.04K,0.95
20120814,1.06,1.08,1.08,1.05,309.48K,0
20120815,1.07,1.07,1.08,1.06,428.20K,0.94
20120816,1.1,1.06,1.1,1.06,826.51K,2.8
20120817,1.06,1.08,1.08,1.06,181.73K,-3.64
20120821,1.05,1.05,1.06,1.04,171.67K,-0.94
20120822,1.03,1.04,1.05,1.03,343.55K,-1.9
20120823,1.04,1.04,1.05,1.03,624.64K,0.97
20120824,1.07,1.05,1.09,1.05,1.18M,2.88
20120827,1.08,1.08,1.12,1.07,4.42M,0.93
20120828,1.06,1.09,1.1,1.06,1.24M,-1.85
20120829,1.06,1.06,1.07,1.04,462.57K,0
20120830,1.04,1.06,1.06,1.04,284.75K,-1.89
20120831,1.02,1.05,1.05,1.02,627.81K,-1.92
20120903,1.01,1.02,1.02,1,566.84K,-0.98
20120904,1.03,1,1.03,1,901.04K,1.98
20120905,1.03,1.03,1.04,1.01,259.90K,0
20120906,1.01,1.03,1.03,1.01,339.95K,-1.94
20120907,0.98,1.01,1.01,0.98,777.49K,-2.97
20120910,0.98,0.98,0.98,0.97,398.78K,0
20120911,0.97,0.97,0.98,0.97,393.82K,-1.02
20120912,0.98,0.97,0.98,0.96,562.92K,1.03
20120913,0.98,0.98,0.98,0.97,664.22K,0
20120914,0.98,0.98,0.99,0.98,713.21K,0
20120917,0.96,0.97,0.97,0.96,399.45K,-2.04
20120918,0.95,0.94,0.95,0.94,490.30K,-1.04
20120919,0.94,0.94,0.94,0.94,534.23K,-1.05
20120920,0.93,0.94,0.94,0.93,649.45K,-1.06
20120921,0.94,0.93,0.94,0.93,469.89K,1.08
20120925,0.94,0.94,0.95,0.93,896.55K,0
20120926,0.91,0.94,0.94,0.89,1.84M,-3.19
20120927,0.93,0.91,0.93,0.9,1.05M,2.2
20120928,0.92,0.92,0.93,0.91,364.68K,-1.08
20121001,0.92,0.92,0.92,0.91,456.66K,0
20121002,0.91,0.93,0.93,0.9,627.09K,-1.09
20121003,0.91,0.91,0.91,0.91,83.92K,0
20121004,0.91,0.91,0.91,0.9,332.41K,0
20121005,0.95,0.92,0.96,0.92,1.06M,4.4
20121009,0.93,0.92,0.94,0.92,407.11K,-2.11
20121010,0.9,0.93,0.93,0.87,982.62K,-3.23
20121011,0.9,0.91,0.92,0.9,368.33K,0
20121012,0.9,0.9,0.9,0.88,281.65K,0
20121015,0.9,0.9,0.9,0.88,299.98K,0
20121016,0.9,0.89,0.92,0.89,1.01M,0
20121017,0.92,0.91,0.92,0.9,673.30K,2.22
20121018,0.91,0.92,0.92,0.91,215.30K,-1.09
20121019,0.9,0.9,0.91,0.9,320.54K,-1.1
20121022,0.89,0.9,0.9,0.88,452.44K,-1.11
20121023,0.87,0.89,0.89,0.86,491.19K,-2.25
20121024,0.89,0.87,0.89,0.86,550.53K,2.3
20121025,0.89,0.89,0.9,0.88,1.57M,0
20121026,0.87,0.88,0.88,0.86,576.79K,-2.25
20121029,0.85,0.86,0.86,0.85,274.09K,-2.3
20121030,0.84,0.85,0.85,0.84,196.55K,-1.18
20121031,0.87,0.84,0.87,0.83,621.72K,3.57
20121101,0.9,0.89,0.9,0.86,327.15K,3.45
20121102,0.93,0.9,0.93,0.9,890.48K,3.33
20121105,0.9,0.93,0.93,0.9,205.63K,-3.23
20121107,0.9,0.9,0.91,0.89,247.10K,0
20121108,0.9,0.9,0.93,0.9,690.58K,0
20121109,0.9,0.9,0.9,0.89,177.21K,0
20121112,0.89,0.89,0.89,0.88,389.03K,-1.11
20121113,0.88,0.89,0.89,0.87,430.23K,-1.12
20121114,0.9,0.88,0.9,0.87,456.23K,2.27
20121115,0.87,0.9,0.9,0.87,243.82K,-3.33
20121116,0.9,0.87,0.9,0.87,675.27K,3.45
20121119,0.87,0.9,0.9,0.87,169.18K,-3.33
20121120,0.9,0.87,0.9,0.86,843.17K,3.45
20121121,0.89,0.9,0.9,0.88,663.67K,-1.11
20121122,0.85,0.85,0.88,0.84,624.98K,-4.49
20121123,0.88,0.88,0.89,0.88,548.49K,3.53
20121127,0.84,0.88,0.88,0.84,120.56K,-4.55
20121128,0.82,0.85,0.85,0.82,627.42K,-2.38
20121129,0.82,0.82,0.83,0.82,630.48K,0
20121130,0.83,0.83,0.83,0.82,394.90K,1.22
20121203,0.82,0.83,0.83,0.82,474.47K,-1.2
20121204,0.83,0.83,0.84,0.82,1.30M,1.22
20121205,0.83,0.84,0.84,0.82,635.18K,0
20121206,0.82,0.83,0.83,0.82,403.92K,-1.2
20121207,0.82,0.83,0.83,0.82,424.23K,0
20121210,0.81,0.82,0.82,0.8,408.75K,-1.22
20121211,0.81,0.81,0.82,0.81,584.73K,0
20121212,0.83,0.81,0.83,0.81,421.98K,2.47
20121213,0.84,0.83,0.86,0.83,1.43M,1.2
20121214,0.85,0.84,0.86,0.83,496.37K,1.19
20121217,0.9,0.85,0.9,0.85,2.24M,5.88
20121218,0.95,0.9,0.95,0.9,3.73M,5.56
20121219,0.97,0.95,0.98,0.94,3.20M,2.11
20121220,0.98,0.97,0.98,0.96,1.72M,1.03
20121221,0.94,0.96,0.96,0.93,1.36M,-4.08
20121226,0.96,0.93,0.96,0.93,1.18M,2.13
20121227,0.95,0.98,0.98,0.95,1.48M,-1.04
20121228,0.97,0.94,0.97,0.94,833.25K,2.11
20130102,0.97,0.98,0.99,0.96,1.09M,0
20130103,0.97,0.97,0.98,0.96,847.59K,0
20130104,1.06,0.98,1.06,0.97,9.01M,9.28
20130107,1.07,1.07,1.08,1.05,4.51M,0.94
20130108,1.06,1.07,1.1,1.06,1.67M,-0.93
20130109,1.1,1.07,1.1,1.07,1.80M,3.77
20130110,1.18,1.1,1.18,1.1,8.65M,7.27
20130111,1.13,1.2,1.23,1.11,6.30M,-4.24
20130114,1.13,1.14,1.17,1.12,1.69M,0
20130115,1.12,1.13,1.13,1.08,1.23M,-0.88
20130116,1.17,1.1,1.2,1.09,3.14M,4.46
20130117,1.18,1.19,1.21,1.17,1.80M,0.85
20130118,1.16,1.18,1.18,1.14,797.69K,-1.69
20130121,1.19,1.18,1.2,1.17,780.68K,2.59
20130122,1.27,1.2,1.27,1.19,3.40M,6.72
20130123,1.22,1.29,1.29,1.22,2.89M,-3.94
20130124,1.25,1.22,1.25,1.22,1.45M,2.46
20130125,1.27,1.26,1.28,1.25,2.46M,1.6
20130128,1.29,1.29,1.33,1.28,1.85M,1.57
20130129,1.35,1.29,1.35,1.29,2.51M,4.65
20130130,1.31,1.36,1.37,1.29,2.60M,-2.96
20130201,1.34,1.33,1.35,1.31,1.32M,2.29
20130204,1.27,1.34,1.34,1.27,1.08M,-5.22
20130205,1.24,1.27,1.27,1.19,1.97M,-2.36
20130206,1.15,1.2,1.22,1.15,2.04M,-7.26
20130207,1.17,1.16,1.2,1.16,987.41K,1.74
20130208,1.19,1.17,1.19,1.15,1.41M,1.71
20130213,1.18,1.2,1.2,1.17,637.81K,-0.84
20130214,1.21,1.18,1.21,1.14,1.15M,2.54
20130215,1.2,1.22,1.22,1.19,1.29M,-0.83
20130218,1.17,1.19,1.19,1.15,875.75K,-2.5
20130219,1.16,1.19,1.19,1.16,558.58K,-0.85
20130221,1.12,1.17,1.17,1.1,1.07M,-3.45
20130222,1.14,1.14,1.14,1.09,1.21M,1.79
20130225,1.14,1.15,1.15,1.13,853.44K,0
20130226,1.14,1.13,1.16,1.12,1.52M,0
20130227,1.19,1.13,1.2,1.13,607.75K,4.39
20130228,1.18,1.18,1.19,1.15,2.07M,-0.84
20130301,1.23,1.16,1.26,1.16,1.15M,4.24
20130304,1.23,1.24,1.24,1.22,596.44K,0
20130305,1.23,1.23,1.27,1.22,372.71K,0
20130306,1.21,1.24,1.25,1.2,645.11K,-1.63
20130307,1.25,1.21,1.25,1.18,674.33K,3.31
20130308,1.24,1.25,1.25,1.22,734.78K,-0.8
20130311,1.22,1.23,1.24,1.2,892.89K,-1.61
20130312,1.2,1.22,1.23,1.16,3.33M,-1.64
20130313,1.29,1.2,1.29,1.17,1.83M,7.5
20130314,1.3,1.28,1.32,1.27,919.35K,0.78
20130315,1.32,1.3,1.34,1.28,1.78M,1.54
20130318,1.33,1.31,1.34,1.3,441.44K,0.76
20130319,1.31,1.33,1.33,1.28,803.33K,-1.5
20130320,1.33,1.3,1.35,1.3,2.31M,1.53
20130321,1.33,1.32,1.35,1.31,526.78K,0
20130322,1.29,1.31,1.33,1.29,739.10K,-3.01
20130325,1.28,1.29,1.29,1.26,541.90K,-0.78
20130326,1.3,1.29,1.3,1.27,252.89K,1.56
20130327,1.27,1.29,1.29,1.26,513.27K,-2.31
20130403,1.27,1.28,1.28,1.25,466.42K,0
20130404,1.29,1.27,1.29,1.26,402.63K,1.57
20130405,1.3,1.27,1.3,1.26,478.35K,0.78
20130408,1.32,1.3,1.32,1.29,775.92K,1.54
20130409,1.36,1.32,1.36,1.32,1.16M,3.03
20130410,1.32,1.33,1.34,1.31,483.19K,-2.94
20130411,1.29,1.31,1.33,1.27,980.65K,-2.27
20130412,1.28,1.28,1.3,1.27,244.19K,-0.78
20130415,1.25,1.28,1.28,1.25,764.73K,-2.34
20130416,1.26,1.26,1.28,1.25,573.60K,0.8
20130417,1.24,1.25,1.26,1.22,319.66K,-1.59
20130418,1.21,1.23,1.23,1.2,595.05K,-2.42
20130419,1.22,1.22,1.22,1.2,677.18K,0.83
20130422,1.22,1.22,1.22,1.2,308.60K,0
20130423,1.27,1.24,1.27,1.22,1.10M,4.1
20130424,1.26,1.27,1.3,1.26,754.33K,-0.79
20130425,1.29,1.26,1.3,1.26,545.47K,2.38
20130426,1.25,1.28,1.28,1.22,777.31K,-3.1
20130429,1.26,1.25,1.28,1.23,1.11M,0.8
20130430,1.27,1.26,1.28,1.25,736.99K,0.79
20130502,1.29,1.28,1.29,1.26,533.39K,1.57
20130503,1.3,1.28,1.31,1.28,917.13K,0.78
20130506,1.35,1.31,1.36,1.3,2.64M,3.85
20130507,1.48,1.35,1.48,1.35,5.52M,9.63
20130508,1.44,1.49,1.53,1.43,3.77M,-2.7
20130509,1.35,1.42,1.43,1.34,2.01M,-6.25
20130510,1.24,1.34,1.34,1.23,2.60M,-8.15
20130513,1.26,1.25,1.27,1.21,1.01M,1.61
20130514,1.24,1.26,1.29,1.24,777.09K,-1.59
20130515,1.27,1.24,1.28,1.21,1.42M,2.42
20130516,1.25,1.28,1.29,1.24,935.09K,-1.57
20130517,1.21,1.25,1.25,1.21,824.99K,-3.2
20130520,1.18,1.22,1.22,1.15,928.21K,-2.48
20130521,1.16,1.17,1.18,1.16,648.05K,-1.69
20130522,1.13,1.17,1.17,1.13,583.29K,-2.59
20130523,1.18,1.11,1.21,1.11,725.45K,4.42
20130524,1.14,1.16,1.18,1.14,730.25K,-3.39
20130527,1.16,1.14,1.16,1.13,312.32K,1.75
20130528,1.11,1.16,1.17,1.11,421.08K,-4.31
20130529,1.14,1.13,1.14,1.1,338.96K,2.7
20130530,1.15,1.14,1.17,1.14,316.64K,0.88
20130531,1.15,1.15,1.15,1.14,216.14K,0
20130603,1.15,1.14,1.17,1.14,601.59K,0
20130604,1.13,1.16,1.16,1.13,812.94K,-1.74
20130605,1.12,1.12,1.14,1.09,1.08M,-0.88
20130606,1.13,1.11,1.13,1.11,166.60K,0.89
20130607,1.11,1.12,1.13,1.1,390.30K,-1.77
20130610,1.07,1.09,1.09,1.04,947.46K,-3.6
20130611,1.05,1.05,1.08,1.05,479.98K,-1.87
20130612,0.99,1.07,1.07,0.98,2.04M,-5.71
20130613,1.02,0.99,1.02,0.97,1.30M,3.03
20130614,1,1.03,1.03,1,383.20K,-1.96
20130617,0.98,1,1,0.98,776.13K,-2
20130618,0.96,0.98,0.99,0.94,1.05M,-2.04
20130619,0.96,0.95,0.97,0.95,1.14M,0
20130624,0.99,0.91,0.99,0.9,1.41M,3.13
20130625,1.01,1.02,1.03,1,691.90K,2.02
20130626,1,1.01,1.02,0.975,155.37K,-0.99
20130627,0.995,0.99,0.995,0.975,459.80K,-0.5
20130628,0.995,1,1,0.981,299.23K,0
20130701,1.04,0.99,1.04,0.99,968.70K,4.52
20130702,0.99,1.04,1.04,0.99,441.76K,-4.81
20130703,0.985,0.99,0.99,0.973,431.66K,-0.51
20130704,1.01,0.99,1.02,0.99,329.21K,2.54
20130705,1,1,1.02,0.99,291.76K,-0.99
20130708,1.04,1,1.05,1,415.63K,4
20130710,1.05,1,1.07,1,368.78K,0.96
20130711,1.11,1.06,1.11,1.05,976.93K,5.71
20130712,1.1,1.11,1.11,1.08,311.20K,-0.9
20130715,1.11,1.11,1.11,1.08,529.49K,0.91
20130716,1.13,1.11,1.13,1.1,472.87K,1.8
20130717,1.1,1.12,1.13,1.09,883.55K,-2.65
20130718,1.05,1.07,1.08,1.05,363.36K,-4.55
20130719,1.08,1.06,1.09,1.05,613.32K,2.86
20130722,1.07,1.08,1.11,1.07,611.83K,-0.93
20130723,1.07,1.08,1.09,1.06,305.15K,0
20130724,1.09,1.07,1.09,1.06,376.23K,1.87
20130725,1.08,1.09,1.09,1.08,210.85K,-0.92
20130726,1.1,1.08,1.1,1.07,245.61K,1.85
20130729,1.06,1.08,1.09,1.06,267.59K,-3.64
20130730,1.03,1.06,1.06,1.03,379.58K,-2.83
20130731,1.08,1.02,1.1,1.02,743.22K,4.85
20130801,1.08,1.08,1.08,1.06,338.90K,0
20130802,1.09,1.08,1.09,1.08,561.13K,0.93
20130805,1.09,1.1,1.11,1.07,252.44K,0
20130806,1.09,1.09,1.1,1.07,548.40K,0
20130807,1.1,1.09,1.1,1.08,256.16K,0.92
20130808,1.07,1.11,1.12,1.07,480.60K,-2.73
20130809,1.09,1.1,1.1,1.08,469.64K,1.87
20130812,1.15,1.09,1.15,1.09,1.15M,5.5
20130813,1.18,1.16,1.19,1.15,1.55M,2.61
20130814,1.28,1.18,1.28,1.18,4.17M,8.47
20130815,1.25,1.26,1.26,1.2,2.17M,-2.34
20130816,1.22,1.23,1.23,1.17,1.46M,-2.4
20130820,1.23,1.21,1.23,1.2,1.02M,0.82
20130821,1.21,1.23,1.24,1.21,598.78K,-1.63
20130822,1.23,1.22,1.23,1.21,813.31K,1.65
20130823,1.27,1.23,1.33,1.23,4.21M,3.25
20130826,1.32,1.27,1.34,1.26,2.72M,3.94
20130827,1.28,1.3,1.3,1.27,1.79M,-3.03
20130828,1.3,1.3,1.35,1.29,1.43M,1.56
20130829,1.32,1.29,1.32,1.27,1.17M,1.54
20130830,1.32,1.3,1.34,1.3,629.99K,0
20130902,1.37,1.32,1.37,1.32,820.90K,3.79
20130903,1.38,1.37,1.4,1.35,1.46M,0.73
20130904,1.36,1.38,1.38,1.34,360.55K,-1.45
20130905,1.38,1.37,1.39,1.34,3.08M,1.47
20130906,1.38,1.38,1.41,1.37,4.37M,0
20130909,1.42,1.4,1.44,1.4,2.62M,2.9
20130910,1.5,1.45,1.52,1.45,4.57M,5.63
20130911,1.5,1.5,1.54,1.45,2.27M,0
20130912,1.46,1.5,1.53,1.44,2.63M,-2.67
20130913,1.47,1.44,1.48,1.44,2.60M,0.68
20130916,1.66,1.49,1.69,1.49,7.59M,12.93
20130917,1.74,1.73,1.76,1.69,8.56M,4.82
20130918,1.73,1.76,1.77,1.7,7.91M,-0.57
20130919,1.78,1.75,1.78,1.73,4.84M,2.89
20130920,1.78,1.81,1.84,1.75,5.13M,0
20130923,1.87,1.8,1.9,1.73,6.19M,5.06
20130924,1.85,1.91,1.95,1.8,14.22M,-1.07
20130925,1.83,1.85,1.92,1.8,3.24M,-1.08
20130926,1.77,1.81,1.84,1.71,3.52M,-3.28
20130927,1.75,1.74,1.78,1.73,1.24M,-1.13
20130930,1.88,1.71,1.88,1.69,3.29M,7.43
20131001,2.01,1.9,2.01,1.89,7.70M,6.91
20131002,1.93,2,2.04,1.92,4.35M,-3.98
20131003,1.93,1.97,1.98,1.89,2.57M,0
20131004,1.84,1.91,1.95,1.84,1.45M,-4.66
20131007,1.97,1.92,2,1.9,4.16M,7.07
20131008,2.07,2.01,2.08,2.01,3.94M,5.08
20131009,2.12,2.09,2.12,2.07,5.51M,2.42
20131010,2.25,2.15,2.27,2.13,10.00M,6.13
20131011,2.35,2.32,2.35,2.27,4.57M,4.44
20131015,2.32,2.46,2.52,2.31,6.82M,-1.28
20131016,2.19,2.32,2.35,2.1,8.58M,-5.6
20131017,2.35,2.2,2.35,2.17,3.38M,7.31
20131018,2.44,2.4,2.47,2.37,4.42M,3.83
20131021,2.49,2.5,2.58,2.46,5.24M,2.05
20131022,2.41,2.5,2.51,2.35,2.91M,-3.21
20131023,2.14,2.35,2.35,2.08,8.61M,-11.2
20131024,2.28,2.1,2.3,2.09,3.85M,6.54
20131025,2.2,2.28,2.28,2.14,4.36M,-3.51
20131028,2.11,2.24,2.25,2.02,4.62M,-4.09
20131029,1.95,2.11,2.11,1.92,7.48M,-7.58
20131030,1.94,1.95,2.05,1.87,3.40M,-0.51
20131031,1.9,1.92,1.95,1.9,1.55M,-2.06
20131101,1.88,1.9,1.95,1.88,3.48M,-1.05
20131104,1.98,1.89,1.99,1.89,2.02M,5.32
20131105,2.07,2.01,2.08,1.98,5.03M,4.55
20131107,1.95,2.07,2.19,1.94,2.66M,-5.8
20131108,1.92,1.96,1.96,1.91,1.54M,-1.54
20131111,1.97,1.94,1.98,1.88,1.65M,2.6
20131112,1.88,1.97,1.97,1.88,1.71M,-4.57
20131113,1.81,1.88,1.88,1.8,1.44M,-3.72
20131114,1.96,1.81,1.97,1.81,2.78M,8.29
20131115,2.01,1.99,2.03,1.94,4.05M,2.55
20131118,1.93,2.05,2.07,1.92,4.86M,-3.98
20131119,1.79,1.87,1.9,1.76,3.50M,-7.25
20131120,1.87,1.87,1.91,1.85,2.14M,4.47
20131121,1.94,1.93,1.98,1.9,1.78M,3.74
20131122,2.13,1.97,2.13,1.97,7.07M,9.79
20131126,2.34,2.3,2.4,2.3,7.08M,9.86
20131127,2.24,2.41,2.41,2.2,4.76M,-4.27
20131128,2.36,2.24,2.37,2.23,2.52M,5.36
20131129,2.28,2.36,2.36,2.23,2.99M,-3.39
20131202,2.14,2.28,2.28,2.14,1.86M,-6.14
20131203,2.03,2.14,2.14,1.98,4.28M,-5.14
20131204,2.02,2.04,2.05,1.96,924.29K,-0.49
20131205,2.03,2.05,2.1,2.01,741.00K,0.5
20131206,2.06,2.04,2.1,2.03,1.13M,1.48
20131209,2.08,2.07,2.15,2.05,1.36M,0.97
20131210,1.96,2.1,2.1,1.96,1.06M,-5.77
20131211,1.97,1.97,2.02,1.95,1.20M,0.51
20131212,1.95,1.96,1.98,1.93,1.64M,-1.02
20131213,1.94,1.97,1.98,1.94,724.06K,-0.51
20131216,2.01,1.96,2.02,1.95,1.89M,3.61
20131217,1.99,2.01,2.02,1.95,1.06M,-1
20131218,1.92,1.95,1.95,1.88,2.19M,-3.52
20131219,1.84,1.91,1.95,1.8,6.31M,-4.17
20131220,1.83,1.84,1.9,1.78,1.67M,-0.54
20131223,1.77,1.81,1.84,1.77,1.31M,-3.28
20131226,1.81,1.78,1.81,1.77,1.11M,2.26
20131227,1.9,1.8,1.92,1.75,2.35M,4.97
20131230,1.89,1.92,1.92,1.85,607.11K,-0.53
20140102,1.9,1.89,1.9,1.87,606.91K,0.53
20140103,1.99,1.9,2.02,1.9,2.38M,4.74
20140106,1.95,2,2.04,1.9,2.46M,-2.01
20140107,1.9,1.95,1.95,1.88,691.59K,-2.56
20140108,1.91,1.91,1.92,1.85,1.49M,0.53
20140109,1.9,1.91,1.92,1.89,703.14K,-0.52
20140110,1.9,1.94,1.95,1.89,564.33K,0
20140113,1.94,1.91,1.97,1.91,809.12K,2.11
20140114,1.91,1.97,1.97,1.89,474.32K,-1.55
20140115,1.96,1.91,1.96,1.91,698.48K,2.62
20140116,2.02,1.96,2.03,1.96,1.06M,3.06
20140117,2.05,2.02,2.09,2.02,987.79K,1.49
20140120,2.07,2.07,2.08,2.05,588.72K,0.98
20140121,2.02,2.05,2.07,2,585.81K,-2.42
20140122,2.05,2.02,2.05,2,1.21M,1.49
20140123,1.92,2.05,2.05,1.9,1.83M,-6.34
20140124,1.84,1.85,1.88,1.82,1.58M,-4.17
20140127,1.76,1.84,1.84,1.7,1.65M,-4.35
20140128,1.79,1.8,1.8,1.76,812.88K,1.7
20140129,1.82,1.8,1.86,1.77,1.06M,1.68
20140130,1.93,1.85,1.93,1.85,1.07M,6.04
20140131,1.99,1.91,1.99,1.9,903.90K,3.11
20140203,2.11,2.05,2.17,2.05,2.65M,6.03
20140204,2.13,2.11,2.15,2.08,1.26M,0.95
20140205,2.04,2.14,2.14,2,2.64M,-4.23
20140206,2,2.05,2.05,1.97,961.48K,-1.96
20140207,1.89,2,2,1.87,1.08M,-5.5
20140210,1.79,1.88,1.88,1.78,669.95K,-5.29
20140211,1.86,1.8,1.87,1.78,860.75K,3.91
20140212,1.95,1.9,1.97,1.89,1.58M,4.84
20140213,1.9,1.93,1.96,1.89,420.89K,-2.56
20140214,2.06,1.95,2.07,1.93,4.45M,8.42
20140217,2.2,2.06,2.21,2.06,2.61M,6.8
20140218,2.17,2.24,2.24,2.1,2.67M,-1.36
20140219,2.1,2.15,2.15,2.08,1.10M,-3.23
20140220,2.1,2.1,2.2,2.1,2.03M,0
20140221,2.13,2.14,2.16,2.11,1.42M,1.43
20140224,2.16,2.16,2.18,2.13,1.11M,1.41
20140225,2.1,2.14,2.14,2.08,835.88K,-2.78
20140226,2.06,2.08,2.09,2.05,391.17K,-1.9
20140227,2,2.06,2.06,1.98,1.59M,-2.91
20140228,2.06,2.03,2.1,1.99,3.37M,3
20140305,1.98,2.05,2.05,1.96,1.53M,-3.88
20140306,2.05,1.98,2.05,1.97,1.91M,3.54
20140307,2.04,2.06,2.06,2.02,1.25M,-0.49
20140310,1.99,2.05,2.05,1.96,1.30M,-2.45
20140311,1.99,1.99,1.99,1.96,786.03K,0
20140312,1.98,1.98,2.02,1.95,1.41M,-0.5
20140313,1.97,1.99,2,1.95,852.54K,-0.51
20140314,1.95,1.9,1.98,1.9,1.10M,-1.02
20140317,1.95,1.96,1.96,1.93,1.30M,0
20140318,1.96,1.96,1.96,1.92,885.38K,0.51
20140319,1.96,1.96,1.96,1.92,1.41M,0
20140320,1.98,1.96,2.02,1.96,1.27M,1.02
20140321,2.03,2.01,2.05,2,1.37M,2.53
20140325,2.07,2.06,2.08,2.03,1.21M,1.97
20140326,2.16,2.07,2.19,2.07,5.50M,4.35
20140327,2.26,2.16,2.29,2.16,5.16M,4.63
20140328,2.2,2.29,2.29,2.15,2.66M,-2.65
20140331,2.28,2.22,2.3,2.22,1.56M,3.64
20140401,2.34,2.28,2.35,2.27,2.41M,2.63
20140403,2.44,2.48,2.49,2.4,3.83M,4.27
20140404,2.46,2.46,2.47,2.43,2.99M,0.82
20140407,2.43,2.44,2.44,2.4,1.86M,-1.22
20140408,2.56,2.42,2.56,2.41,3.78M,5.35
20140409,2.54,2.58,2.59,2.49,3.13M,-0.78
20140410,2.61,2.52,2.65,2.52,4.32M,2.76
20140411,2.54,2.63,2.63,2.5,2.26M,-2.68
20140414,2.5,2.54,2.56,2.5,1.89M,-1.57
20140415,2.43,2.54,2.54,2.4,2.06M,-2.8
20140416,2.49,2.43,2.49,2.41,1.67M,2.47
20140421,2.53,2.5,2.54,2.46,1.69M,1.61
20140422,2.62,2.53,2.62,2.53,3.82M,3.56
20140423,2.8,2.62,2.8,2.6,8.46M,6.87
20140424,2.79,2.81,2.93,2.77,7.49M,-0.36
20140425,2.78,2.8,2.8,2.71,1.81M,-0.36
20140428,3.01,2.8,3.03,2.8,3.90M,8.27
20140429,2.95,3.01,3.07,2.9,2.43M,-1.99
20140430,2.92,2.9,2.95,2.8,3.19M,-1.02
20140505,3.02,2.94,3.02,2.87,2.26M,3.42
20140506,2.97,3.06,3.07,2.97,2.08M,-1.66
20140507,2.91,2.99,2.99,2.9,2.29M,-2.02
20140508,2.8,2.91,2.96,2.8,1.57M,-3.78
20140509,2.93,2.83,2.93,2.75,1.66M,4.64
20140512,2.9,2.93,2.96,2.88,1.72M,-1.02
20140513,3.02,2.95,3.05,2.93,2.56M,4.14
20140514,3.02,3,3.04,2.97,2.82M,0
20140515,2.9,2.96,2.97,2.89,1.63M,-3.97
20140516,2.9,2.92,2.93,2.82,1.95M,0
20140519,3.01,2.9,3.04,2.9,1.76M,3.79
20140520,3,3.02,3.11,3,1.78M,-0.33
20140521,3.29,3.01,3.33,3.01,7.40M,9.67
20140522,3.44,3.49,3.49,3.37,5.41M,4.56
20140523,3.4,3.47,3.47,3.3,2.83M,-1.16
20140526,3.47,3.4,3.5,3.4,2.29M,2.06
20140527,3.58,3.53,3.63,3.52,3.17M,3.17
20140528,3.75,3.65,3.82,3.65,3.92M,4.75
20140529,3.92,3.81,3.94,3.78,3.97M,4.53
20140530,3.89,3.93,3.94,3.79,4.02M,-0.77
20140602,3.84,3.94,3.94,3.7,3.84M,-1.29
20140603,3.82,3.85,3.89,3.82,1.07M,-0.52
20140604,3.75,3.85,3.85,3.72,735.12K,-1.83
20140605,3.88,3.8,3.89,3.79,2.85M,3.47
20140606,3.96,3.98,3.98,3.9,1.70M,2.06
20140609,4.12,4.05,4.14,3.99,2.77M,4.04
20140610,3.88,4.16,4.32,3.88,6.52M,-5.83
20140611,3.94,3.95,4.02,3.88,3.45M,1.55
20140612,3.89,3.94,3.98,3.88,1.30M,-1.27
20140613,3.97,3.81,3.98,3.8,1.67M,2.06
20140616,3.56,3.58,3.7,3.5,5.70M,-10.33
20140617,3.74,3.4,3.82,3.32,5.95M,5.06
20140618,3.81,3.7,3.88,3.5,5.65M,1.87
20140619,3.67,3.51,3.79,3.51,4.71M,-3.67
20140623,4,4.12,4.12,3.85,5.48M,8.99
20140624,3.89,4.07,4.1,3.86,2.38M,-2.75
20140625,3.9,3.87,3.96,3.87,1.26M,0.26
20140626,3.84,3.89,3.94,3.73,2.77M,-1.54
20140627,3.89,3.82,3.9,3.73,2.33M,1.3
20140630,3.93,3.98,3.98,3.83,1.54M,1.03
20140701,4.04,4,4.1,3.98,3.21M,2.8
20140702,4.13,4.05,4.15,4.05,2.74M,2.23
20140703,4.07,4.15,4.18,4.05,1.80M,-1.45
20140704,4.03,4.07,4.07,3.95,992.28K,-0.98
20140707,3.99,4.06,4.08,3.97,1.66M,-0.99
20140708,4.19,4.02,4.19,4.02,2.61M,5.01
20140710,4.49,4.24,4.53,4.24,2.60M,7.16
20140711,4.59,4.49,4.62,4.44,5.63M,2.23
20140714,4.5,4.58,4.58,4.4,2.02M,-1.96
20140715,4.4,4.5,4.56,4.39,1.94M,-2.22
20140716,4.25,4.4,4.44,4.21,2.44M,-3.41
20140717,4,4.23,4.26,4,1.47M,-5.88
20140718,4.24,4.15,4.34,4.15,1.76M,6
20140721,4.09,4.2,4.2,4.06,2.03M,-3.54
20140722,4.11,4.13,4.15,3.85,2.32M,0.49
20140723,3.91,4.07,4.07,3.91,1.82M,-4.87
20140724,3.91,4.03,4.1,3.91,1.91M,0
20140725,3.71,3.92,3.92,3.71,2.58M,-5.12
20140728,3.66,3.67,3.72,3.59,2.63M,-1.35
20140729,4.02,3.61,4.02,3.61,1.55M,9.84
20140730,4.55,4.38,4.56,4.36,4.40M,13.18
20140731,4.06,4.01,4.21,4,3.71M,-10.77
20140801,4.15,4.05,4.3,3.9,5.25M,2.22
20140804,4.31,4.18,4.32,4.1,3.05M,3.86
20140805,4.1,4.28,4.29,4.1,2.10M,-4.87
20140806,4.2,4.1,4.28,4.1,1.88M,2.44
20140807,4.35,4.28,4.42,4.24,1.52M,3.57
20140808,4.38,4.38,4.41,4.3,1.66M,0.69
20140811,4.32,4.38,4.42,4.3,734.87K,-1.37
20140812,4.39,4.28,4.41,4.26,1.27M,1.62
20140813,4.34,4.4,4.43,4.31,1.40M,-1.14
20140814,4.22,4.33,4.34,4.22,3.13M,-2.76
20140815,4.37,4.25,4.39,4.23,2.12M,3.55
20140819,4.51,4.5,4.54,4.48,993.71K,3.2
20140820,4.48,4.47,4.48,4.35,1.20M,-0.67
20140821,4.38,4.47,4.47,4.38,942.74K,-2.23
20140822,4.52,4.42,4.54,4.41,2.39M,3.2
20140825,4.52,4.55,4.58,4.5,1.01M,0
20140826,4.45,4.49,4.53,4.36,902.36K,-1.55
20140827,4.55,4.52,4.75,4.49,1.95M,2.25
20140828,4.49,4.55,4.6,4.44,990.27K,-1.32
20140829,4.53,4.49,4.54,4.44,1.52M,0.89
20140901,4.58,4.56,4.65,4.5,922.26K,1.1
20140902,4.58,4.63,4.69,4.57,2.39M,0
20140903,4.86,4.62,4.88,4.62,2.46M,6.11
20140904,4.69,4.9,4.9,4.68,1.01M,-3.5
20140905,4.94,4.88,4.99,4.69,1.79M,5.33
20140908,5.24,4.94,5.24,4.94,1.71M,6.07
20140909,5.32,5.25,5.39,5.18,1.99M,1.53
20140910,5.3,5.37,5.4,5.25,1.24M,-0.38
20140911,5.4,5.3,5.41,5.22,1.38M,1.89
20140912,5.59,5.39,5.59,5.39,1.89M,3.52
20140915,5.5,5.6,5.72,5.5,1.63M,-1.61
20140916,5.77,5.59,5.9,5.5,1.77M,4.91
20140917,5.72,5.75,5.85,5.68,2.20M,-0.87
20140918,5.65,5.71,5.73,5.5,1.10M,-1.22
20140919,5.68,5.65,5.68,5.62,1.09M,0.53
20140922,6,5.85,6,5.68,1.11M,5.63
20140923,6.13,6.04,6.14,5.9,1.66M,2.17
20140924,6.14,6.13,6.15,5.91,3.52M,0.16
20140925,6.04,6.2,6.2,5.93,2.65M,-1.63
20140926,6.27,6.19,6.29,6.05,2.97M,3.81
20140929,6.5,6.3,6.5,6.2,2.23M,3.67
20140930,6.41,6.5,6.5,6.25,1.75M,-1.38
20141001,5.82,6.45,6.45,5.81,2.73M,-9.2
20141002,5.47,5.7,5.7,5.3,5.67M,-6.01
20141003,5.93,5.39,5.99,5.39,1.25M,8.41
20141006,5.63,6.2,6.2,5.58,2.04M,-5.06
20141007,5.57,5.59,5.65,5.57,674.83K,-1.07
20141008,5.62,5.57,5.64,5.57,928.44K,0.9
20141009,5.29,5.56,5.56,5.2,1.57M,-5.87
20141010,5.25,5.3,5.3,5.05,1.71M,-0.76
20141014,5,5.05,5.15,4.95,1.74M,-4.76
20141015,4.78,4.7,4.85,4.7,2.44M,-4.4
20141016,5.08,4.6,5.08,4.6,2.01M,6.28
20141017,5.45,5.2,5.47,5.12,3.15M,7.28
20141020,5.9,5.6,5.92,5.48,2.83M,8.26
20141021,5.68,5.94,5.96,5.53,2.18M,-3.73
20141022,5.5,5.59,5.78,5.5,1.05M,-3.17
20141023,5.32,5.53,5.53,5.3,475.36K,-3.27
20141024,5.56,5.32,5.6,5.32,823.66K,4.51
20141027,5.57,5.5,5.65,5.45,665.37K,0.18
20141028,5.52,5.6,5.7,5.52,908.94K,-0.9
20141029,5.49,5.59,5.6,5.49,609.86K,-0.54
20141030,5.71,5.46,5.71,5.45,668.11K,4.01
20141031,5.91,5.95,5.95,5.77,1.93M,3.5
20141103,6.25,5.96,6.28,5.94,1.01M,5.75
20141104,6.13,6.38,6.38,6.08,834.10K,-1.92
20141105,6,6.12,6.12,5.94,560.64K,-2.12
20141107,6,6.1,6.16,5.98,279.18K,0
20141110,5.87,5.8,5.94,5.8,667.15K,-2.17
20141111,5.7,5.82,5.83,5.68,361.43K,-2.9
20141112,5.51,5.79,5.79,5.51,421.71K,-3.33
20141113,5.37,5.53,5.53,5.33,576.55K,-2.54
20141114,5.44,5.35,5.44,5.2,781.15K,1.3
20141117,5.2,5.4,5.41,5.15,411.51K,-4.41
20141118,5.47,5.3,5.48,5.2,777.03K,5.19
20141119,5.3,5.45,5.55,5.3,274.29K,-3.11
20141120,5.39,5.3,5.7,5.3,693.69K,1.7
20141121,5.79,5.4,5.79,5.4,972.59K,7.42
20141125,5.47,5.75,5.78,5.46,1.73M,-5.53
20141126,5.59,5.56,5.63,5.5,974.03K,2.19
20141127,5.62,5.6,5.66,5.56,248.18K,0.54
20141128,5.4,5.62,5.62,5.4,211.95K,-3.91
20141201,5.12,5.35,5.35,5.05,940.47K,-5.19
20141202,5.15,5.09,5.28,5.09,951.52K,0.59
20141203,5.37,5.15,5.37,5.15,368.62K,4.27
20141204,5.2,5.39,5.55,5.2,809.50K,-3.17
20141205,5.44,5.3,5.47,5.2,856.41K,4.62
20141209,5.24,5.31,5.31,5.1,719.66K,-3.68
20141210,4.8,5.22,5.22,4.8,1.22M,-8.4
20141211,5.07,4.68,5.1,4.65,825.29K,5.62
20141212,4.79,5.15,5.15,4.76,938.83K,-5.52
20141215,4.32,4.8,4.8,4.32,778.61K,-9.81
20141216,4.3,4.3,4.5,4.05,1.36M,-0.46
20141217,4.4,4.3,4.55,4.3,842.75K,2.33
20141218,4.25,4.5,4.56,4.24,1.32M,-3.41
20141219,4.24,4.33,4.35,4.18,1.75M,-0.24
20141222,4.39,4.27,4.48,4.25,1.45M,3.54
20141223,4.51,4.52,4.52,4.37,572.19K,2.73
20141229,4.55,4.6,4.69,4.55,685.28K,0.89
20141230,4.41,4.6,4.6,4.22,2.55M,-3.08
20150102,4.64,4.5,4.66,4.44,1.05M,5.22
20150105,4.45,4.69,4.69,4.41,860.64K,-4.09
20150106,4.36,4.45,4.48,4.32,412.08K,-2.02
20150107,4.6,4.45,4.6,4.35,551.12K,5.5
20150108,4.93,4.72,4.95,4.63,1.30M,7.17
20150109,4.92,5,5,4.82,741.89K,-0.2
20150112,4.84,4.92,4.92,4.72,189.36K,-1.63
20150113,4.9,4.9,5.02,4.84,489.46K,1.24
20150114,4.98,4.85,5.06,4.8,462.05K,1.63
20150115,4.94,5.08,5.1,4.89,304.81K,-0.8
20150116,5.02,4.9,5.02,4.9,732.12K,1.62
20150119,5.05,5.05,5.07,4.95,296.04K,0.6
20150120,5.09,5.1,5.14,5,579.78K,0.79
20150121,5.2,5.12,5.24,5.06,465.08K,2.16
20150122,5.17,5.21,5.32,5.12,735.48K,-0.58
20150123,5.23,5.2,5.28,5.15,519.61K,1.16
20150126,5.33,5.23,5.33,5.15,796.21K,1.91
20150127,5.59,5.33,5.59,5.31,1.17M,4.88
20150128,5.75,5.58,5.75,5.49,1.54M,2.86
20150129,5.57,5.75,5.75,5.43,657.68K,-3.13
20150130,5.42,5.5,5.5,5.2,571.47K,-2.69
20150202,5.45,5.31,5.53,5.31,618.18K,0.55
20150203,5.59,5.5,5.63,5.5,1.45M,2.57
20150204,5.6,5.6,5.65,5.58,707.60K,0.18
20150205,5.8,5.6,5.8,5.6,702.90K,3.57
20150206,5.69,5.8,5.86,5.69,1.30M,-1.9
20150209,5.7,5.71,5.8,5.67,282.58K,0.18
20150210,5.72,5.78,5.78,5.65,370.72K,0.35
20150211,5.74,5.7,5.75,5.66,401.66K,0.35
20150212,5.8,5.75,5.85,5.75,1.12M,1.05
20150213,5.98,5.9,6,5.83,1.93M,3.1
20150218,5.85,5.97,6,5.81,906.58K,-2.17
20150219,5.8,5.85,5.85,5.75,835.14K,-0.85
20150220,5.89,5.83,5.98,5.79,1.59M,1.55
20150223,6.05,5.99,6.05,5.8,6.09M,2.72
20150224,6.09,6.1,6.16,6.03,2.81M,0.66
20150225,6.15,6.14,6.23,6.05,1.94M,0.99
20150226,6.15,6.19,6.27,6.07,1.61M,0
20150227,6.17,6.22,6.23,6.1,1.26M,0.33
20150302,6.24,6.2,6.3,6.2,1.13M,1.13
20150303,6.44,6.25,6.44,6.24,1.92M,3.21
20150304,6.5,6.49,6.51,6.34,1.82M,0.93
20150305,6.9,6.55,6.94,6.54,3.33M,6.15
20150306,7.02,7,7.02,6.93,1.65M,1.74
20150309,7.4,7.05,7.47,7,2.29M,5.41
20150310,7.19,7.45,7.69,7.15,3.43M,-2.84
20150311,7.59,7.34,7.75,7.28,2.29M,5.56
20150312,7.53,7.7,7.9,7.3,2.29M,-0.79
20150313,8.15,7.6,8.28,7.6,3.41M,8.23
20150316,8.48,8.31,8.55,8.31,4.28M,4.05
20150317,8.98,8.85,8.98,8.5,4.93M,5.9
20150318,8.92,8.72,8.97,8.6,2.78M,-0.67
20150319,9.15,8.99,9.27,8.76,3.14M,2.58
20150320,9.42,9.3,9.5,9.25,2.38M,2.95
20150325,8.81,9.12,9.12,8.64,2.10M,-6.48
20150326,8,8.74,8.75,8,4.31M,-9.19
20150327,8.34,7.9,8.35,7.9,3.02M,4.25
20150330,8.37,8.5,8.68,8.25,2.67M,0.36
20150331,8.39,8.4,8.64,8.11,3.48M,0.24
20150401,8.48,8.39,8.65,8.39,1.32M,1.07
20150406,8.71,8.5,8.77,8.5,1.97M,2.71
20150407,8.51,8.8,8.8,8.4,1.31M,-2.3
20150408,8.53,8.51,8.54,8.4,1.50M,0.24
20150409,8.46,8.55,8.57,8.34,1.07M,-0.82
20150410,8.57,8.47,8.58,8.39,1.37M,1.3
20150413,8.38,8.6,8.65,8.3,1.61M,-2.22
20150414,8.24,8.3,8.49,8.24,1.05M,-1.67
20150415,8.2,8.25,8.3,7.9,1.92M,-0.49
20150416,8.16,8.09,8.18,8,938.99K,-0.49
20150417,8.03,8.16,8.16,7.98,1.72M,-1.59
20150420,7.84,8.12,8.12,7.8,1.74M,-2.37
20150421,7.55,7.8,7.8,7.54,1.29M,-3.7
20150422,7.81,7.55,7.81,7.5,1.12M,3.44
20150423,8.12,7.81,8.14,7.81,872.18K,3.97
20150424,8.48,8.41,8.65,8.15,1.51M,4.43
20150427,8.3,8.6,8.7,8.25,692.76K,-2.12
20150428,8.37,8.31,8.39,8.06,1.65M,0.84
20150429,8.05,8.4,8.4,8.03,2.05M,-3.82
20150430,7.78,8.07,8.07,7.7,1.37M,-3.35
20150504,8.34,7.82,8.35,7.82,1.84M,7.2
20150505,8.29,8.35,8.38,8.25,1.22M,-0.6
20150506,7.97,8.18,8.24,7.97,806.00K,-3.86
20150507,7.88,7.8,7.95,7.75,549.76K,-1.13
20150508,8.01,7.95,8.02,7.9,1.21M,1.65
20150511,7.84,8.01,8.04,7.75,512.84K,-2.12
20150512,7.94,7.92,8.04,7.72,2.36M,1.28
20150513,7.79,7.88,7.88,7.77,1.31M,-1.89
20150514,7.85,7.79,7.86,7.75,593.56K,0.77
20150515,7.8,7.84,7.92,7.78,730.17K,-0.64
20150518,7.75,7.8,7.82,7.71,421.74K,-0.64
20150519,7.5,7.71,7.75,7.46,1.05M,-3.23
20150520,7.4,7.59,7.59,7.4,703.21K,-1.33
20150521,7.14,7.25,7.35,7.1,613.01K,-3.51
20150522,7.01,7.02,7.07,6.98,909.61K,-1.82
20150526,6.86,6.88,6.96,6.7,2.72M,-2.14
20150527,6.86,6.8,6.95,6.75,661.61K,0
20150528,6.72,6.88,6.9,6.71,611.53K,-2.04
20150529,6.68,6.75,6.85,6.62,542.23K,-0.6
20150601,6.65,6.61,6.8,6.61,545.98K,-0.45
20150602,7.25,6.65,7.25,6.65,3.04M,9.02
20150603,6.9,6.89,6.99,6.75,4.33M,-4.83
20150604,7.19,7.14,7.3,7.07,2.41M,4.2
20150605,7.09,7.2,7.22,7.03,908.21K,-1.39
20150608,7,7.05,7.1,6.97,716.55K,-1.27
20150609,7.14,6.97,7.14,6.97,485.53K,2
20150610,7.08,7.15,7.3,7,1.11M,-0.84
20150611,7.1,7,7.11,6.99,442.79K,0.28
20150612,7.1,7.15,7.15,6.96,341.36K,0
20150615,6.85,6.97,6.97,6.8,428.20K,-3.52
20150616,6.7,6.82,6.82,6.65,461.86K,-2.19
20150617,6.46,6.45,6.58,6.38,3.37M,-3.58
20150618,6.35,6.46,6.5,6.23,2.12M,-1.7
20150619,6.46,6.35,6.53,6.28,2.16M,1.73
20150622,6.97,6.5,7.05,6.5,3.32M,7.89
20150623,7,7,7.25,6.87,1.16M,0.43
20150624,6.96,7,7.1,6.9,821.15K,-0.57
20150625,7.02,7,7.04,6.89,652.60K,0.86
20150626,7,7.04,7.04,6.93,486.74K,-0.28
20150629,6.78,6.8,6.93,6.75,758.51K,-3.14
20150630,7.07,6.8,7.12,6.78,1.71M,4.28
20150701,7.3,7.14,7.42,7.14,1.27M,3.25
20150702,7.48,7.3,7.52,7.13,820.00K,2.47
20150703,7.7,7.5,7.8,7.5,1.26M,2.94
20150706,7.88,7.69,7.95,7.6,914.56K,2.34
20150707,7.8,7.84,7.85,7.5,1.19M,-1.02
20150708,7.59,7.8,7.8,7.54,426.97K,-2.69
20150710,7.67,7.8,7.8,7.66,491.70K,1.05
20150713,8.04,7.85,8.05,7.8,1.22M,4.82
20150714,8.3,8.04,8.35,8,1.19M,3.23
20150715,8.72,8.33,8.72,8.33,1.52M,5.06
20150716,9,8.95,9,8.78,2.24M,3.21
20150717,9.17,8.89,9.3,8.7,2.13M,1.89
20150720,8.8,8.89,8.98,8.7,1.98M,-4.03
20150721,8.89,8.6,8.89,8.44,1.59M,1.02
20150722,8.45,8.88,8.88,8.42,976.46K,-4.95
20150723,8.5,8.4,8.54,8.31,1.21M,0.59
20150724,7.92,8.4,8.4,7.8,2.22M,-6.82
20150727,7.94,7.8,8.2,7.7,940.27K,0.25
20150728,8.1,8.15,8.29,8.03,1.12M,2.02
20150729,8.27,8.15,8.42,8.1,844.83K,2.1
20150730,8.27,8.32,8.32,8.1,431.89K,0
20150731,8.2,8.27,8.27,8.09,230.86K,-0.85
20150803,8.05,8.2,8.2,8,246.06K,-1.83
20150804,8.01,8.1,8.15,7.88,629.29K,-0.5
20150805,8.11,8.01,8.15,7.91,728.56K,1.25
20150806,8.51,8.2,8.7,8.03,1.21M,4.93
20150807,8.54,8.5,8.6,8.24,1.75M,0.35
20150810,9.04,8.7,9.1,8.6,2.48M,5.85
20150811,8.8,8.89,8.89,8.6,1.11M,-2.65
20150812,8.99,8.68,8.99,8.53,1.59M,2.16
20150813,9.1,8.99,9.1,8.85,1.20M,1.22
20150814,9.13,9.14,9.15,9.01,861.09K,0.33
20150818,8.9,9.1,9.14,8.9,752.57K,-2.52
20150819,8.85,8.9,8.9,8.6,1.22M,-0.56
20150820,8.75,8.8,8.89,8.65,900.64K,-1.13
20150821,8.43,8.64,8.64,8.14,2.50M,-3.66
20150824,8,8,8.32,7.9,1.88M,-5.1
20150825,8,8.35,8.35,7.96,977.24K,0
20150826,8.42,8,8.42,8,718.87K,5.25
20150827,8.89,8.7,8.89,8.6,1.37M,5.58
20150828,8.9,8.89,8.99,8.75,1.25M,0.11
20150831,8.9,8.88,9,8.71,853.17K,0
20150901,8.82,8.7,8.94,8.7,503.65K,-0.9
20150902,8.88,8.8,8.9,8.8,461.46K,0.68
20150903,9.18,8.8,9.19,8.8,1.16M,3.38
20150904,9.23,9.1,9.23,9,845.03K,0.54
20150907,9.24,9.2,9.27,9.19,299.72K,0.11
20150908,9.44,9.27,9.48,9.27,963.78K,2.16
20150909,9.6,9.44,9.6,9.44,1.40M,1.69
20150910,9.5,9.62,9.69,9.48,1.15M,-1.04
20150911,9.4,9.55,9.55,9.26,403.96K,-1.05
20150914,9.19,9.29,9.35,9.1,578.61K,-2.23
20150915,9.28,9.23,9.35,9.2,848.80K,0.98
20150916,9,9.5,9.6,8.9,567.71K,-3.02
20150917,9.52,9.06,9.57,9.06,990.49K,5.78
20150918,9.41,9.47,9.67,9.4,785.27K,-1.16
20150921,9.24,9.41,9.48,9.21,696.03K,-1.81
20150922,8.8,9.3,9.3,8.5,1.88M,-4.76
20150923,9,9,9,8.5,2.51M,2.27
20150924,9,8.95,9,8.11,2.45M,0
20150925,9.11,9,9.35,8.8,2.20M,1.22
20150928,8.55,9.09,9.09,8.51,1.52M,-6.15
20150929,8.5,8.61,8.74,8.4,1.42M,-0.58
20150930,8.4,8.65,8.7,8.4,1.03M,-1.18
20151001,8.1,8.5,8.5,8.05,1.82M,-3.57
20151002,8.5,8.24,8.5,8.18,1.41M,4.94
20151005,8.75,8.7,8.85,8.55,1.29M,2.94
20151006,8.63,8.75,8.85,8.56,1.69M,-1.37
20151007,8.5,8.75,8.8,8.43,2.24M,-1.51
20151008,8.69,8.68,8.85,8.5,664.00K,2.24
20151009,8.8,8.85,8.85,8.7,754.77K,1.27
20151013,9.13,9.15,9.36,9,2.27M,3.75
20151014,9.3,9.1,9.4,9.1,945.96K,1.86
20151015,9.37,9.27,9.4,9.25,953.78K,0.75
20151016,9.75,9.13,9.85,9.13,1.41M,4.06
20151019,9.97,9.75,10,9.65,1.01M,2.26
20151020,9.91,9.99,10.1,9.88,975.08K,-0.6
20151021,9.76,9.99,9.99,9.7,1.70M,-1.51
20151022,9.91,9.8,9.99,9.8,841.36K,1.54
20151023,10.7,10,10.7,10,2.13M,7.97
20151026,12.1,11.95,12.5,11.45,5.44M,13.08
20151027,12.35,12.3,12.4,11.5,2.95M,2.07
20151028,12.7,12.3,13.3,12.1,3.55M,2.83
20151029,12.95,12.9,13.95,12.9,2.69M,1.97
20151030,13.2,12.95,13.55,12.75,1.93M,1.93
20151102,13.3,13.55,13.65,13,1.74M,0.76
20151103,12.8,13.3,13.3,12.5,2.17M,-3.76
20151104,13,12.9,13.2,12.8,842.75K,1.56
20151105,13.1,13,13.2,12.8,776.29K,0.77
20151109,13,13.2,13.35,12.9,1.13M,-0.76
20151110,13.5,13.15,13.5,12.8,1.31M,3.85
20151111,14.05,13.7,14.2,13.5,1.38M,4.07
20151112,14.5,14.3,15.1,14,2.39M,3.2
20151113,14.7,14.5,15.1,14.5,1.79M,1.38
20151116,14.6,14.9,15.1,14.5,1.09M,-0.68
20151117,14.65,14.65,15.05,14.1,2.65M,0.34
20151118,14.65,14.65,15,14.3,1.80M,0
20151119,14.65,14.6,15,13.9,2.07M,0
20151120,15.4,14.95,15.6,14.5,3.48M,5.12
20151123,13.3,16.5,16.5,13,5.54M,-13.64
20151124,13,13.3,13.45,12.3,2.25M,-2.26
20151125,12.3,13.4,13.4,12.2,1.66M,-5.38
20151126,12.2,12.15,12.6,12.15,1.27M,-0.81
20151130,12.8,13,13,12.4,1.34M,4.92
20151201,12.7,12.9,13.3,12.65,687.14K,-0.78
20151202,12.3,12.85,12.85,12.2,1.09M,-3.15
20151203,12.05,12.25,12.65,11.8,752.90K,-2.03
20151204,12.5,12.05,12.5,12.05,877.64K,3.73
20151209,13.4,12.6,13.6,12.6,1.59M,7.2
20151210,13.65,13.65,13.95,13.2,1.13M,1.87
20151211,12.65,13.5,13.9,12.55,1.36M,-7.33
20151214,12,12.65,13,11.85,1.20M,-5.14
20151215,11.95,12.1,12.3,11.8,626.17K,-0.42
20151216,11.75,11.95,12.3,11.55,680.72K,-1.67
20151217,12.4,12.1,12.45,11.9,836.07K,5.53
20151218,11.75,12.4,12.7,11.4,2.38M,-5.24
20151221,11.2,11.75,12.15,11.1,1.37M,-4.68
20151222,11.5,11,11.8,11,635.39K,2.68
20151223,12.3,11.55,12.4,11.5,1.26M,6.96
20151228,11.85,12.4,12.4,11.8,725.70K,-3.66
20151229,11.7,12,12.2,11.65,397.33K,-1.27
20151230,11.6,11.95,11.95,11.45,827.36K,-0.85
20160104,11.05,11.4,11.5,10.85,1.11M,-4.74
20160105,11,11,11.15,10.8,1.28M,-0.45
20160106,11.25,11.05,11.3,10.6,636.17K,2.27
20160107,11.15,10.9,11.25,10.7,577.33K,-0.89
20160108,11.6,11.2,11.65,11.2,928.52K,4.04
20160111,11.15,11.7,11.85,11.15,1.03M,-3.88
20160112,11,11.35,11.5,10.8,645.39K,-1.35
20160113,10.95,10.9,11.35,10.8,1.08M,-0.45
20160114,11.4,10.95,11.4,10.75,481.63K,4.11
20160115,10.65,11,11.2,10.65,724.24K,-6.58
20160118,10.15,10.65,10.7,10,656.14K,-4.69
20160119,10.45,10.35,10.7,10.35,605.71K,2.96
20160120,9.85,10.25,10.25,9.65,1.16M,-5.74
20160121,10.4,9.95,10.4,9.95,682.38K,5.58
20160122,11.45,10.75,11.6,10.7,1.30M,10.1
20160125,11.95,11.5,12.05,11.25,849.54K,4.37
20160126,11.8,11.95,12.3,11.8,1.38M,-1.26
20160127,12.3,11.9,12.55,11.7,1.64M,4.24
20160128,12.55,12.6,12.8,12.25,1.74M,2.03
20160129,12.75,12.85,12.85,12.4,1.24M,1.59
20160201,12.45,12.85,12.85,12.25,697.66K,-2.35
20160202,12.95,12.45,13.05,11.9,1.39M,4.02
20160203,12.75,13,13.15,12.7,642.83K,-1.54
20160204,12.9,12.85,13.15,12.85,560.02K,1.18
20160205,13.1,13.05,13.15,12.8,519.43K,1.55
20160210,13.35,13.1,13.35,12.5,887.91K,1.91
20160211,12.85,13,13.2,12.6,1.14M,-3.75
20160212,12.75,13,13.25,12.6,605.30K,-0.78
20160215,12.75,12.9,13,12.7,257.98K,0
20160216,13,12.5,13.05,12.5,600.39K,1.96
20160217,13.25,13,13.35,12.85,1.03M,1.92
20160218,13.15,13.25,13.4,12.95,893.81K,-0.75
20160219,12.95,12.95,13,12.8,642.95K,-1.52
20160222,13.85,12.95,13.9,12.95,1.18M,6.95
20160223,13.95,13.95,14.1,13.55,987.59K,0.72
20160224,14,13.9,14.3,13.5,1.92M,0.36
20160225,14.45,14,14.6,14,1.95M,3.21
20160226,14.25,14.6,14.85,14.1,1.91M,-1.38
20160229,14.25,14.3,14.95,14.25,818.68K,0
20160301,13.95,14.35,14.7,13.65,1.72M,-2.11
20160302,13.35,14,14.3,13,3.44M,-4.3
20160303,12.95,13.4,13.45,12.45,3.04M,-3
20160304,12.7,13,13.1,12.35,1.81M,-1.93
20160307,12.35,12.45,12.6,12.3,1.51M,-2.76
20160308,12.4,12.35,12.65,12.2,1.86M,0.4
20160309,12.4,12.6,12.65,12.3,883.94K,0
20160310,12.35,12.85,13.1,12.25,2.73M,-0.4
20160311,11.9,12.4,12.5,11.9,1.47M,-3.64
20160314,11.8,11.85,12.05,11.7,1.58M,-0.84
20160315,11.5,11.8,11.95,11.5,1.27M,-2.54
20160316,12.3,11.9,12.4,11.6,1.26M,6.96
20160317,12.2,12.45,12.45,11.9,2.44M,-0.81
20160318,11.8,12.2,12.25,11.75,1.20M,-3.28
20160321,11.7,11.8,11.8,11.5,786.60K,-0.85
20160322,11.95,11.8,12,11.4,956.40K,2.14
20160323,11.7,11.8,11.95,11.65,971.84K,-2.09
20160328,12.1,11.75,12.25,11.75,1.03M,3.42
20160329,12.15,12.1,12.25,12.05,813.26K,0.41
20160330,12.15,12.15,12.25,11.9,648.52K,0
20160331,12.6,12.25,12.7,12.15,1.43M,3.7
20160401,12.65,12.55,12.7,12.4,680.38K,0.4
20160404,12.45,12.6,12.65,12.4,778.07K,-1.58
20160405,12.25,12.4,12.4,12,978.53K,-1.61
20160406,11.85,12.15,12.15,11.7,1.20M,-3.27
20160407,11.3,11.7,11.85,11.2,1.42M,-4.64
20160408,11.55,11.4,11.8,11.3,626.39K,2.21
20160411,11.5,11.8,11.8,11.45,555.27K,-0.43
20160412,11.7,11.55,11.75,11.5,816.63K,1.74
20160413,12.7,11.85,12.75,11.8,1.34M,8.55
20160414,12.9,12.75,13.1,12.75,1.53M,1.57
20160415,12.75,12.9,13,12.6,507.31K,-1.16
20160418,12.6,12.7,12.7,12.35,772.35K,-1.18
20160419,12.8,12.7,12.85,12.4,1.89M,1.59
20160420,12.75,12.85,13.1,12.7,1.26M,-0.39
20160421,12.75,12.75,12.95,12.55,396.61K,0
20160422,12.4,12.65,12.9,12.35,996.48K,-2.75
20160425,11.9,12.4,12.4,11.85,845.19K,-4.03
20160426,12.1,11.9,12.15,11.8,703.72K,1.68
20160427,11.9,12.1,12.2,11.75,730.23K,-1.65
20160428,11.85,11.85,11.9,11.6,925.84K,-0.42
20160429,11.75,11.75,11.75,11.6,846.83K,-0.84
20160502,11.65,11.75,11.95,11.55,664.16K,-0.85
20160503,11.45,11.5,11.5,11.3,810.36K,-1.72
20160504,11.85,11.6,12,11.45,1.98M,3.49
20160505,12.4,12.1,12.4,12.1,1.22M,4.64
20160506,12.8,12.4,12.9,12.4,1.26M,3.23
20160509,12.6,12.75,12.75,12.4,699.40K,-1.56
20160510,12.75,12.6,12.85,12.55,766.01K,1.19
20160511,12.75,12.75,12.85,12.6,592.16K,0
20160512,12.7,12.5,12.8,12.5,1.12M,-0.39
20160513,12.85,13,13.1,12.8,926.97K,1.18
20160516,12.8,12.95,13.05,12.7,528.55K,-0.39
20160517,12.65,12.8,12.9,12.5,511.68K,-1.17
20160518,12.35,12.65,12.65,12.35,642.50K,-2.37
20160519,11.95,12.1,12.15,11.75,1.12M,-3.24
20160520,12,12.1,12.2,11.9,539.14K,0.42
20160523,11.75,12,12.1,11.75,1.08M,-2.08
20160524,11.9,11.8,12,11.65,1.95M,1.28
20160526,12.75,12.1,12.8,12.1,822.77K,7.14
20160527,12.95,12.75,13.15,12.7,943.18K,1.57
20160530,12.8,12.95,13.1,12.8,547.31K,-1.16
20160531,13.1,12.8,13.15,12.8,1.46M,2.34
20160601,13.05,13,13.1,12.85,2.62M,-0.38
20160602,12.95,13.05,13.05,12.8,3.25M,-0.77
20160603,13.2,13.1,13.35,13,1.86M,1.93
20160606,13.5,13.25,13.5,13.25,625.98K,2.27
20160607,14.15,13.5,14.2,13.5,1.89M,4.81
20160608,14.45,14.15,14.5,14.15,1.29M,2.12
20160609,14.45,14.45,14.5,14.25,1.60M,0
20160610,14.25,14.3,14.3,13.9,1.61M,-1.38
20160613,14.5,14.25,14.5,14.1,605.62K,1.75
20160614,14.35,14.45,14.45,14.15,666.75K,-1.03
20160615,14.45,14.2,14.5,14.2,900.92K,0.7
20160616,14.65,14.5,14.8,14.45,2.86M,1.38
20160621,14.95,14.9,14.95,14.7,1.66M,2.05
20160622,15,14.95,15.35,14.95,2.08M,0.33
20160623,15.5,15.25,15.55,15.1,1.81M,3.33
20160624,15.6,14.45,15.6,14.4,4.64M,0.65
20160627,15.8,15.5,15.95,15.5,3.77M,1.28
20160628,16.1,16,16.15,15.75,1.06M,1.9
20160629,16.3,16.2,16.5,16.2,1.32M,1.24
20160630,16.35,16.4,16.7,16.25,1.40M,0.31
20160701,16.9,16.55,17.15,16.5,1.63M,3.36
20160704,17,16.4,17.2,16.4,618.23K,0.59
20160705,17.2,17,17.2,16.7,734.32K,1.18
20160706,17,17,17.15,16.85,781.57K,-1.16
20160707,16.5,17.15,17.25,16.5,951.94K,-2.94
20160711,16.7,16.9,17.15,16,3.65M,1.21
20160712,16.2,16.8,16.95,16,1.48M,-2.99
20160713,16.3,16,16.3,15.8,1.42M,0.62
20160714,16.65,16.15,16.7,16.1,1.22M,2.15
20160715,17,16.7,17,16.65,1.43M,2.1
20160718,17.25,16.8,17.25,16.7,1.06M,1.47
20160719,16.6,17.2,17.2,16.4,1.69M,-3.77
20160720,16.35,16.6,16.6,16.15,1.13M,-1.51
20160721,16.25,16.3,16.5,16.1,1.36M,-0.61
20160722,16.6,16.3,16.6,16.25,624.13K,2.15
20160725,16.25,16.7,16.7,16.2,488.40K,-2.11
20160726,16.05,16.25,16.35,15.9,766.10K,-1.23
20160727,16.3,16.1,16.3,15.75,1.18M,1.56
20160728,16.2,16.4,16.5,16.2,958.84K,-0.61
20160729,16.55,16.4,16.65,16.35,1.17M,2.16
20160801,16.55,16.5,16.65,16.4,796.86K,0
20160802,16.45,16.65,16.7,16.25,1.63M,-0.6
20160803,16.4,16.45,16.6,16.3,257.22K,-0.3
20160804,16.5,16.4,16.65,16.1,1.05M,0.61
20160805,16.45,16.5,16.6,16.3,419.14K,-0.3
20160808,16.15,16.45,16.45,16.05,486.50K,-1.82
20160809,16.4,16.35,16.5,16.3,917.09K,1.55
20160810,16.55,16.4,16.6,16.25,724.97K,0.91
20160811,16.4,16.2,16.6,16.2,942.78K,-0.91
20160812,15.9,16.45,16.45,15.8,1.63M,-3.05
20160816,15.2,16,16.4,14.9,1.16M,-4.4
20160817,15.55,15.25,15.7,15.25,933.96K,2.3
20160818,15.15,15.7,16.15,14.8,2.85M,-2.57
20160819,15,14.95,15.35,14.7,2.55M,-0.99
20160822,15.25,15.1,15.3,15.05,603.46K,1.67
20160823,15.5,15.4,15.65,15.3,859.19K,1.64
20160824,15.75,15.8,16,15.55,1.04M,1.61
20160825,15.7,15.9,15.9,15.7,883.05K,-0.32
20160826,15.45,15.8,15.8,15.4,882.70K,-1.59
20160829,15.5,15.45,15.6,15.4,577.25K,0.32
20160830,15.2,15.65,15.7,15.15,397.47K,-1.94
20160831,15.1,15.35,15.45,14.95,592.20K,-0.66
20160901,15.35,15.1,15.6,14.95,1.18M,1.66
20160902,15.5,15.65,15.75,15.3,899.74K,0.98
20160905,15.4,15.7,15.85,15.4,343.52K,-0.65
20160906,16.45,15.8,16.5,15.55,1.49M,6.82
20160907,16.7,16.65,16.85,16.4,1.01M,1.52
20160908,16.85,16.85,16.95,16.6,778.87K,0.9
20160909,16.55,16.8,16.8,16.4,743.82K,-1.78
20160912,16.65,16.3,16.65,16.2,654.66K,0.6
20160913,16.5,16.65,16.8,16.4,742.65K,-0.9
20160914,16.95,16.7,17.1,16.65,653.94K,2.73
20160915,17.9,17,17.9,16.95,1.32M,5.6
20160916,18.15,17.6,18.2,17.5,1.45M,1.4
20160919,18.55,18.5,19.1,18.45,1.68M,2.2
20160920,18.6,18.75,18.75,18.3,1.10M,0.27
20160921,18.85,18.6,18.85,18.3,981.51K,1.34
20160922,19.7,19.1,19.7,19,1.70M,4.51
20160923,19.45,19.5,19.55,19.15,926.92K,-1.27
20160926,19.05,19.4,19.4,18.9,1.14M,-2.06
20160927,18.6,19.05,19.1,18.5,961.82K,-2.36
20160928,18.9,18.75,19.2,18.6,1.21M,1.61
20160929,19.65,19,19.75,19,1.46M,3.97
20160930,19.3,19.75,19.75,19.25,924.46K,-1.78
20161003,19.6,19.25,19.7,19.25,925.98K,1.55
20161004,19.25,19.65,19.7,19.1,1.04M,-1.79
20161005,19.4,19.5,19.7,19.2,827.86K,0.78
20161006,19.2,19.4,19.65,19.1,819.73K,-1.03
20161007,19.25,19.25,19.7,19.15,765.91K,0.26
20161011,19.8,19.7,19.8,19.35,969.96K,2.86
20161012,19.6,19.85,19.85,19.55,614.92K,-1.01
20161013,19.5,19.65,19.65,19.4,689.31K,-0.51
20161014,19.6,19.6,19.8,19.55,846.71K,0.51
20161017,20,19.6,20,19.6,1.61M,2.04
20161018,20,20,20.15,19.9,886.89K,0
20161019,20.8,20.4,21.1,20.35,4.26M,4
20161020,20.85,21,21,20.55,2.22M,0.24
20161021,21.1,20.7,21.1,20.6,2.04M,1.2
20161024,21,21.7,21.7,20.8,1.41M,-0.47
20161025,20.9,21.1,21.3,20.8,1.58M,-0.48
20161026,20.4,20.9,20.9,20.35,1.54M,-2.39
20161027,20.45,20.4,20.7,20.3,1.06M,0.25
20161028,20.75,20.5,20.75,20.25,2.39M,1.47
20161031,20.55,20.9,20.9,20.35,2.08M,-0.96
20161101,20.4,20.7,20.7,20,2.54M,-0.73
20161102,20.15,20.15,20.2,19.8,2.08M,-1.23
20161103,20.1,20.3,20.45,20,1.28M,-0.25
20161104,20.2,20.15,20.2,19.95,1.73M,0.5
20161107,20.7,20.8,20.8,20.35,1.98M,2.48
20161108,20.55,20.8,20.8,20.5,3.26M,-0.72
20161109,20.65,19.65,20.85,19.65,4.84M,0.49
20161110,20.05,21,21.1,19.75,5.96M,-2.91
20161111,19.65,19.85,19.85,19.25,8.18M,-2
20161114,19.9,19.65,20,19,5.23M,1.27
20161115,20.75,20.3,20.8,20,1.62M,4.27
20161116,20.95,21,21,20.5,611.32K,0.96
20161117,21,21,21.4,20.8,846.60K,0.24
20161118,20.7,21,21.1,20.65,880.77K,-1.43
20161121,21.5,20.65,21.6,20.6,1.84M,3.86
20161122,23,21.5,23,21.5,2.33M,6.98
20161123,22.65,23,23.2,22.6,2.37M,-1.52
20161124,22.2,22.8,23,22.1,554.05K,-1.99
20161125,22.1,22.2,22.65,22,1.84M,-0.45
20161129,21.8,22.45,22.5,21.6,2.79M,-1.36
20161130,22.25,22.1,22.5,21.85,2.00M,2.06
20161201,22,22.5,22.65,21.75,687.11K,-1.12
20161202,22.2,22,22.45,21.7,1.62M,0.91
20161205,22.25,22.25,22.4,21.9,916.00K,0.23
20161206,22.8,22.25,22.9,21.9,742.81K,2.47
20161207,22.8,23,23,22.4,538.09K,0
20161212,22.25,22.75,22.75,22,1.74M,-2.41
20161213,22.7,22.5,22.8,22.25,1.19M,2.02
20161214,22.05,22.7,22.8,22,562.57K,-2.86
20161215,22.2,22,22.35,21.7,1.14M,0.68
20161216,22.05,22,22.25,22,689.70K,-0.68
20161219,21.55,22.25,22.3,21.5,998.81K,-2.27
20161220,21.1,21.5,21.6,20.55,1.25M,-2.09
20161221,21.65,21.1,21.75,20.5,797.12K,2.61
20161222,21.35,21.7,22,21.1,703.22K,-1.39
20161223,20.95,21.35,21.35,20,1.15M,-1.87
20161226,20.3,20.95,21,19.85,752.90K,-3.1
20161227,20.6,20.2,20.9,19.7,991.03K,1.48
20161228,20.75,20.9,21.15,20.5,513.65K,0.73
20161229,22,20.75,22.1,20.75,1.20M,6.02
20170102,23.2,22.15,23.4,22.15,836.17K,5.45
20170103,23.15,23.35,23.8,23,1.83M,-0.22
20170104,23.35,23.2,23.75,23.2,1.01M,0.86
20170105,23,23.55,23.8,22.8,4.91M,-1.5
20170106,23.5,23.2,23.6,23,952.02K,2.17
20170109,23.7,24,24,23.65,1.45M,0.85
20170110,24.85,24.45,24.95,24,1.53M,4.85
20170111,25.3,25.05,25.45,25,2.30M,1.81
20170112,25.1,25.8,25.95,25,694.73K,-0.79
20170113,26,25.15,26,25.15,943.69K,3.59
20170116,26.35,26,26.4,25.85,786.53K,1.35
20170117,26.7,26.5,26.9,26.05,1.57M,1.33
20170118,27.35,27.2,27.75,26.85,2.16M,2.43
20170119,27,27.4,27.7,26.75,2.28M,-1.28
20170120,27.7,26.55,27.75,26.5,1.19M,2.59
20170123,28.8,27.7,28.8,27.7,1.45M,3.97
20170124,28.55,28.8,29.6,28.35,1.84M,-0.87
20170125,28.4,28.5,28.8,27.8,832.65K,-0.53
20170126,28.85,28.85,29,28.5,1.76M,1.58
20170127,28.85,28.8,28.9,28.4,716.13K,0
20170130,28.9,28.8,29,28.5,2.59M,0.17
20170131,29.5,28.95,29.5,28.85,1.38M,2.08
20170201,30.25,29.6,30.25,29.6,1.74M,2.54
20170202,30.95,30.3,31,30,2.01M,2.31
20170203,29.45,31,31.5,29.15,2.06M,-4.85
20170206,29.95,29.45,30.3,29.45,2.24M,1.7
20170207,30.1,30.45,30.45,29.95,1.15M,0.5
20170208,28.85,29.8,30,28.7,1.65M,-4.15
20170209,28.7,28.85,29.15,28.65,1.20M,-0.52
20170210,29.15,28.6,29.5,28.6,645.88K,1.57
20170213,28.8,29.5,29.95,28.75,1.08M,-1.2
20170214,29.2,29.1,29.2,28.8,578.35K,1.39
20170215,29.3,29.3,29.35,28.75,621.51K,0.34
20170216,29,29.6,29.6,28.5,854.53K,-1.02
20170217,29.4,29.2,29.9,28.85,1.84M,1.38
20170220,30.5,29.65,30.6,29.4,940.35K,3.74
20170221,30.45,30.8,30.8,30.1,1.17M,-0.16
20170222,29.95,30.45,30.5,29.85,1.01M,-1.64
20170223,28.9,30.2,30.3,28.6,1.11M,-3.51
20170224,28.5,29,29.3,27.7,897.46K,-1.38
20170301,29.1,28.75,29.2,28.75,647.43K,2.11
20170302,28.5,29.3,29.6,28.5,588.72K,-2.06
20170303,29.1,28.25,29.2,28.25,551.32K,2.11
20170306,29.2,29.1,29.45,28.8,488.85K,0.34
20170307,29.2,29.2,29.9,29.1,615.45K,0
20170308,29.45,29.15,29.45,29.1,749.91K,0.86
20170309,28.75,29.45,29.5,28.7,735.80K,-2.38
20170310,28.75,28.75,29.15,28.3,581.67K,0
20170313,29.1,28.8,29.1,28.7,571.47K,1.22
20170314,29.4,29.05,29.4,28.9,717.09K,1.03
20170315,29.8,29.5,29.8,28.9,793.53K,1.36
20170316,30.55,30,30.6,30,856.12K,2.52
20170317,30.4,30.75,30.75,30.25,691.29K,-0.49
20170320,31.5,30.65,31.5,30.5,853.40K,3.62
20170321,30.9,32,32,30.6,886.61K,-1.9
20170322,31.05,31,31.2,30.7,630.07K,0.49
20170323,31.3,31.05,31.3,30.65,305.34K,0.81
20170327,32.2,32.15,32.65,32.15,1.33M,2.88
20170328,33.05,32.2,33.15,32.2,1.01M,2.64
20170329,33.7,33.05,34,33.05,1.32M,1.97
20170330,34,33.7,34,33.05,891.56K,0.89
20170331,33.7,34,34,33.5,1.28M,-0.88
20170403,33,33.75,33.75,32.85,1.02M,-2.08
20170404,33.7,33,33.95,33,1.04M,2.12
20170405,33.7,33.6,34.25,33.2,994.84K,0
20170406,34.85,33.8,34.95,33.8,1.10M,3.41
20170407,34.55,34.9,35,34.35,1.04M,-0.86
20170410,36,34.8,36,34.6,1.34M,4.2
20170411,36,36.4,36.9,35.8,1.28M,0
20170412,35.75,35.9,35.9,35,968.30K,-0.69
20170417,35.7,35.85,36.35,35.7,667.31K,-0.14
20170418,35.65,35.75,36.5,35,706.88K,-0.14
20170419,35.15,35.45,35.45,34.8,780.78K,-1.4
20170420,35.75,35.4,36,34.9,839.60K,1.71
20170421,36.1,35.8,36.15,35.5,1.36M,0.98
20170424,36.45,36.2,36.5,36,946.01K,0.97
20170425,36,36.9,36.9,35.4,696.64K,-1.23
20170426,35.05,35.75,35.75,34.9,845.60K,-2.64
20170427,34.15,34.7,34.7,33.4,2.53M,-2.57
20170428,34,34.25,34.25,33.75,1.04M,-0.44
20170502,35.2,34.5,35.25,33.7,1.41M,3.53
20170503,35.6,35.2,35.7,35,1.05M,1.14
20170504,35.55,35.85,35.85,35.5,793.68K,-0.14
20170505,35.6,35.95,35.95,35.3,634.00K,0.14
20170508,35.8,35.05,36,35,854.03K,0.56
20170509,35.85,35.8,36,35.6,747.29K,0.14
20170510,36.75,35.95,36.75,35.95,746.28K,2.51
20170511,36.9,36.9,36.9,36.2,931.99K,0.41
20170512,37.1,38,38,36.7,985.96K,0.54
20170515,36.7,36.7,36.9,36.45,647.59K,-1.08
20170516,37.4,36.5,37.55,36.5,593.13K,1.91
20170517,37.1,37.4,37.4,37,463.17K,-0.8
20170518,36.5,35.9,36.9,35.5,1.47M,-1.62
20170519,38.2,36.35,38.35,36.35,1.62M,4.66
20170522,38.5,38,38.5,37.8,928.27K,0.79
20170523,38.3,38.6,38.75,38,592.16K,-0.52
20170524,38.8,38.3,38.8,38.1,426.70K,1.31
20170526,40.75,40,41,39.15,1.41M,5.03
20170529,41.25,40.8,42.1,40.8,1.04M,1.23
20170530,40.65,41.25,41.25,40.4,996.63K,-1.45
20170531,40.65,41.85,41.85,40.4,1.02M,0
20170601,41.75,41,41.95,40.7,960.72K,2.71
20170602,41.3,42,42,41.25,1.18M,-1.08
20170605,40.9,41.55,41.55,40.8,882.09K,-0.97
20170606,40.4,37.4,40.9,37.4,735.35K,-1.22
20170607,40.15,40.5,40.9,40.1,1.01M,-0.62
20170608,40.35,40.5,41,40,751.95K,0.5
20170609,40.5,40.8,40.8,40,896.43K,0.37
20170612,39.45,40.45,40.45,39,1.36M,-2.59
20170613,39.7,39,40,39,486.14K,0.63
20170614,40,39.7,40.2,39.7,606.53K,0.76
20170615,39.6,39.85,39.85,39.4,1.20M,-1
20170616,40.6,39.7,40.6,39.65,791.99K,2.53
20170619,41.9,41.25,42.3,41.25,1.12M,3.2
20170621,38.4,38.95,39.1,37.9,4.60M,-8.35
20170622,38.8,38.3,39.15,38.3,1.66M,1.04
20170623,38.4,39,39.05,37.7,852.29K,-1.03
20170626,38.7,38.75,39.2,38.2,860.03K,0.78
20170627,38.4,38.8,39.5,38.15,497.93K,-0.78
20170628,38.75,39,39,38.6,352.11K,0.91
20170629,38.9,39.5,39.5,38.6,665.15K,0.39
20170630,39.4,39.2,39.5,39,794.97K,1.29
20170703,40,39.4,41.25,39,1.17M,1.52
20170704,39.9,40,41,39.9,457.84K,-0.25
20170705,40.05,40,40.5,39.3,1.00M,0.38
20170706,40.25,40.15,40.85,39.7,1.37M,0.5
20170707,40.15,40.2,40.7,39.9,505.93K,-0.25
20170710,38.9,40.15,40.15,38.5,987.76K,-3.11
20170711,38.75,39,39,38.5,1.22M,-0.39
20170712,38.3,38.8,39.15,38,458.85K,-1.16
20170713,37.1,38.35,38.35,36.6,3.07M,-3.13
20170714,37.05,37.1,37.55,36.55,1.74M,-0.13
20170717,35.7,36.8,36.8,35.5,2.07M,-3.64
20170718,36,35.15,36.1,35,3.13M,0.84
20170719,36.7,36.3,36.8,36.1,859.19K,1.94
20170720,37.7,37,37.8,36.7,976.51K,2.72
20170721,38.85,38.15,39.15,38.15,1.98M,3.05
20170724,38.6,38.85,39.1,38,1.05M,-0.64
20170725,38.15,38.55,38.55,37,1.05M,-1.17
20170726,37.9,38.2,38.5,37.8,704.91K,-0.66
20170727,38,37.45,38.1,37.45,546.09K,0.26
20170728,39.1,38,39.15,38,904.09K,2.89
20170731,38.5,38.95,39.2,38.05,643.10K,-1.53
20170801,38.7,38.6,39.2,38.6,543.72K,0.52
20170802,39.4,38.9,39.4,38.75,422.88K,1.81
20170803,39.8,39.25,39.85,39.25,564.49K,1.02
20170804,40.05,39.8,40.1,39.75,1.10M,0.63
20170807,39.4,40,40.15,38,687.44K,-1.62
20170808,38.5,39.5,39.55,38.1,1.08M,-2.28
20170809,37.5,38.3,38.3,37,1.13M,-2.6
20170810,37.85,37.35,38,37.3,373.93K,0.93
20170811,39.25,37.75,39.4,37.75,1.42M,3.7
20170814,42.5,41.3,42.5,40.5,3.25M,8.28
20170815,42.6,42.5,42.8,41.1,2.83M,0.24
20170816,43.15,42.6,43.3,42.5,1.54M,1.29
20170817,41.9,43.15,43.15,41.6,772.46K,-2.9
20170818,41.5,42.95,42.95,41.4,976.08K,-0.95
20170822,40.55,41.2,41.2,40.1,1.63M,-2.29
20170823,41.2,40.6,41.7,40.4,803.41K,1.6
20170824,43.05,41.85,43.2,41.8,900.53K,4.49
20170825,42.6,43.1,43.45,42.5,719.45K,-1.05
20170828,43.35,42.9,43.4,42.6,655.73K,1.76
20170829,42.85,43.35,43.35,40.65,471.68K,-1.15
20170830,42.7,43,43.4,42.7,505.61K,-0.35
20170831,42.7,42.7,43.1,42.5,447.90K,0
20170901,43,42.7,43.2,42.3,505.25K,0.7
20170904,43.3,42,43.3,42,195.71K,0.7
20170905,43.55,43.3,43.55,42.75,544.25K,0.58
20170906,42.8,43.7,43.7,42.5,795.21K,-1.72
20170907,43.1,42.95,43.2,42.6,628.78K,0.7
20170908,42.8,43.05,43.2,42,792.94K,-0.7
20170911,42.7,42.8,43.05,42.7,632.82K,-0.23
20170912,41.8,42.8,42.8,41.45,646.13K,-2.11
20170913,41.6,41.7,42,41.5,812.91K,-0.48
20170914,41.5,41.6,41.9,41,528.26K,-0.24
20170915,41.4,41.5,41.7,41,448.43K,-0.24
20170918,41.8,41.4,42.1,40.8,725.04K,0.97
20170919,41.7,42.1,42.5,41.6,963.88K,-0.24
20170920,41.7,41.7,41.85,41.4,818.32K,0
20170921,42.6,41.7,42.6,41.55,1.08M,2.16
20170922,43.15,42.55,43.25,42.5,683.68K,1.29
20170925,42.85,43.5,43.5,42.8,686.44K,-0.7
20170926,43.2,43,44,42.7,1.16M,0.82
20170927,43.2,43.3,43.6,42.55,1.13M,0
20170928,43.5,43.4,44,43.2,789.14K,0.69
20170929,45.25,44,45.5,44,1.73M,4.02
20171002,46.2,45.95,46.3,45.3,1.21M,2.1
20171003,46,46.2,46.8,45.9,861.92K,-0.43
20171004,45.45,45.8,45.8,45.1,1.09M,-1.2
20171005,46.55,45.65,46.9,45.65,972.51K,2.42
20171006,47.2,46,47.2,46,1.20M,1.4
20171009,47.05,47,47.6,47,753.47K,-0.32
20171010,46.75,47.5,47.5,46.6,823.10K,-0.64
20171011,47,47.15,47.75,46.3,824.43K,0.53
20171012,47.45,47.35,47.65,46.7,1.07M,0.96
20171013,46.85,47.4,47.4,46.75,467.12K,-1.26
20171017,44.6,45.95,45.95,44.5,1.85M,-4.8
20171018,44.1,44.8,44.8,43.6,1.47M,-1.12
20171019,45,44.1,45,44.1,1.04M,2.04
20171020,46.5,45.5,46.75,45.2,2.40M,3.33
20171023,48.7,47.7,48.8,47.15,2.06M,4.73
20171024,49.6,49,49.6,48.6,1.48M,1.85
20171025,48.75,49.4,49.4,47.1,1.34M,-1.71
20171026,48.5,48.75,48.95,47.8,847.05K,-0.51
20171027,47.35,48.5,48.9,47,826.33K,-2.37
20171030,47,47,47.25,45.5,1.01M,-0.74
20171031,48,47,48.55,46.95,610.19K,2.13
20171101,48.25,48.6,49.5,48,994.07K,0.52
20171102,48.6,48.8,49,48,657.56K,0.73
20171103,47.4,48.5,48.5,47,1.21M,-2.47
20171107,47.2,47.45,48.2,47,777.77K,-0.42
20171108,46.5,47.15,47.6,46,1.47M,-1.48
20171109,46.65,46.5,47.2,46.45,777.32K,0.32
20171110,45.4,46.7,47.2,45.2,597.27K,-2.68
20171113,44,45.2,45.2,42.5,832.43K,-3.08
20171114,42.25,44,44.25,41,2.05M,-3.98
20171115,43.5,42.1,44.2,41.15,1.53M,2.96
20171116,45.5,45.4,45.9,44.2,1.28M,4.6
20171117,45.4,45.55,46,44.55,443.95K,-0.22
20171121,45.25,45.4,45.55,44.45,699.58K,-0.33
20171122,46.7,45.5,47.9,45.3,971.90K,3.2
20171123,46.85,47,47.7,46.2,287.55K,0.32
20171124,46.5,46.85,47.5,46.35,395.50K,-0.75
20171127,45.3,46.05,46.8,45.3,617.34K,-2.58
20171128,45,45.5,46.4,44.9,606.13K,-0.66
20171129,44.9,44.75,45.2,44.2,419.14K,-0.22
20171130,44.3,45,46,44,459.44K,-1.34
20171201,44,44.2,44.9,43.75,445.34K,-0.68
20171204,43.2,44.1,44.7,42.85,910.68K,-1.82
20171205,42.75,43.3,43.75,42.6,727.25K,-1.04
20171206,43.75,42.75,44.15,42.15,782.47K,2.34
20171207,44.35,44,44.5,43.8,689.66K,1.37
20171211,44.2,44.35,45.15,44,720.40K,-0.34
20171212,44.75,44.35,45.3,43.85,692.21K,1.24
20171213,44.4,44.9,45.25,43.75,524.85K,-0.78
20171214,44.5,44.4,45.3,43.2,879.49K,0.23
20171215,44.75,44.5,45.25,44.25,1.03M,0.56
20171218,44.55,44.7,45.3,44.1,839.63K,-0.45
20171219,46.6,44.4,47.1,44.4,1.27M,4.6
20171220,46.8,46.6,47.3,46.5,766.42K,0.43
20171221,48.45,47.5,48.5,47.1,1.25M,3.53
20171222,48.8,48.2,49.3,48.2,1.03M,0.72
20171226,49.1,49.1,49.35,48.8,1.11M,0.61
20171227,49.2,49.1,49.95,49,917.37K,0.2
20171228,50.25,49.3,51.25,49.15,1.84M,2.13
20171229,49.85,50.2,50.9,48.8,807.72K,-0.8
20180102,51.2,50,51.6,49.95,838.71K,2.71
20180103,51.7,51.2,51.85,50.5,851.22K,0.98
20180104,52,51.85,52.2,51,1.07M,0.58
20180105,52.4,52,52.5,51.3,942.41K,0.77
20180108,53.4,52.3,53.5,51.7,1.10M,1.91
20180109,52.9,53.45,54.15,52.85,560.64K,-0.94
20180110,51.7,52.9,52.9,51.5,977.49K,-2.27
20180111,52.5,51.5,53,51.05,1.68M,1.55
20180112,53.95,52.7,54.2,52.7,1.44M,2.76
20180115,55.95,53.95,56.15,53.7,1.04M,3.71
20180116,54.9,56,56,54.05,2.56M,-1.88
20180117,54.25,54.95,55.85,54,1.75M,-1.18
