FECHA,APERTURA,ULTIMO,VAR%,MAX.,MIN.
20120702,1.08,1.09,0,1.1,1.07
20120703,1.1,1.11,1.83,1.11,1.07
20120704,1.11,1.1,-0.9,1.11,1.08
20120705,1.08,1.15,4.55,1.16,1.08
20120706,1.15,1.14,-0.87,1.15,1.13
20120710,1.14,1.09,-4.39,1.14,1.08
20120711,1.11,1.14,4.59,1.14,1.1
20120712,1.12,1.11,-2.63,1.13,1.11
20120713,1.12,1.1,-0.9,1.12,1.08
20120716,1.11,1.14,3.64,1.16,1.11
20120717,1.14,1.15,0.88,1.15,1.13
20120718,1.16,1.21,5.22,1.22,1.16
20120719,1.23,1.21,0,1.23,1.19
20120720,1.2,1.19,-1.65,1.2,1.18
20120723,1.15,1.19,0,1.2,1.15
20120724,1.18,1.17,-1.68,1.19,1.15
20120725,1.18,1.19,1.71,1.22,1.16
20120726,1.2,1.18,-0.84,1.2,1.17
20120727,1.16,1.13,-4.24,1.16,1.13
20120730,1.13,1.11,-1.77,1.13,1.1
20120731,1.09,1.09,-1.8,1.1,1.08
20120801,1.07,1.08,-0.92,1.09,1.07
20120802,1.07,1.09,0.93,1.09,1.07
20120803,1.1,1.12,2.75,1.13,1.08
20120806,1.11,1.12,0,1.13,1.11
20120807,1.12,1.1,-1.79,1.12,1.07
20120808,1.09,1.1,0,1.12,1.08
20120809,1.11,1.07,-2.73,1.11,1.06
20120810,1.06,1.05,-1.87,1.06,1.03
20120813,1.06,1.06,0.95,1.07,1.06
20120814,1.08,1.06,0,1.08,1.05
20120815,1.07,1.07,0.94,1.08,1.06
20120816,1.06,1.1,2.8,1.1,1.06
20120817,1.08,1.06,-3.64,1.08,1.06
20120821,1.05,1.05,-0.94,1.06,1.04
20120822,1.04,1.03,-1.9,1.05,1.03
20120823,1.04,1.04,0.97,1.05,1.03
20120824,1.05,1.07,2.88,1.09,1.05
20120827,1.08,1.08,0.93,1.12,1.07
20120828,1.09,1.06,-1.85,1.1,1.06
20120829,1.06,1.06,0,1.07,1.04
20120830,1.06,1.04,-1.89,1.06,1.04
20120831,1.05,1.02,-1.92,1.05,1.02
20120903,1.02,1.01,-0.98,1.02,1
20120904,1,1.03,1.98,1.03,1
20120905,1.03,1.03,0,1.04,1.01
20120906,1.03,1.01,-1.94,1.03,1.01
20120907,1.01,0.98,-2.97,1.01,0.98
20120910,0.98,0.98,0,0.98,0.97
20120911,0.97,0.97,-1.02,0.98,0.97
20120912,0.97,0.98,1.03,0.98,0.96
20120913,0.98,0.98,0,0.98,0.97
20120914,0.98,0.98,0,0.99,0.98
20120917,0.97,0.96,-2.04,0.97,0.96
20120918,0.94,0.95,-1.04,0.95,0.94
20120919,0.94,0.94,-1.05,0.94,0.94
20120920,0.94,0.93,-1.06,0.94,0.93
20120921,0.93,0.94,1.08,0.94,0.93
20120925,0.94,0.94,0,0.95,0.93
20120926,0.94,0.91,-3.19,0.94,0.89
20120927,0.91,0.93,2.2,0.93,0.9
20120928,0.92,0.92,-1.08,0.93,0.91
20121001,0.92,0.92,0,0.92,0.91
20121002,0.93,0.91,-1.09,0.93,0.9
20121003,0.91,0.91,0,0.91,0.91
20121004,0.91,0.91,0,0.91,0.9
20121005,0.92,0.95,4.4,0.96,0.92
20121009,0.92,0.93,-2.11,0.94,0.92
20121010,0.93,0.9,-3.23,0.93,0.87
20121011,0.91,0.9,0,0.92,0.9
20121012,0.9,0.9,0,0.9,0.88
20121015,0.9,0.9,0,0.9,0.88
20121016,0.89,0.9,0,0.92,0.89
20121017,0.91,0.92,2.22,0.92,0.9
20121018,0.92,0.91,-1.09,0.92,0.91
20121019,0.9,0.9,-1.1,0.91,0.9
20121022,0.9,0.89,-1.11,0.9,0.88
20121023,0.89,0.87,-2.25,0.89,0.86
20121024,0.87,0.89,2.3,0.89,0.86
20121025,0.89,0.89,0,0.9,0.88
20121026,0.88,0.87,-2.25,0.88,0.86
20121029,0.86,0.85,-2.3,0.86,0.85
20121030,0.85,0.84,-1.18,0.85,0.84
20121031,0.84,0.87,3.57,0.87,0.83
20121101,0.89,0.9,3.45,0.9,0.86
20121102,0.9,0.93,3.33,0.93,0.9
20121105,0.93,0.9,-3.23,0.93,0.9
20121107,0.9,0.9,0,0.91,0.89
20121108,0.9,0.9,0,0.93,0.9
20121109,0.9,0.9,0,0.9,0.89
20121112,0.89,0.89,-1.11,0.89,0.88
20121113,0.89,0.88,-1.12,0.89,0.87
20121114,0.88,0.9,2.27,0.9,0.87
20121115,0.9,0.87,-3.33,0.9,0.87
20121116,0.87,0.9,3.45,0.9,0.87
20121119,0.9,0.87,-3.33,0.9,0.87
20121120,0.87,0.9,3.45,0.9,0.86
20121121,0.9,0.89,-1.11,0.9,0.88
20121122,0.85,0.85,-4.49,0.88,0.84
20121123,0.88,0.88,3.53,0.89,0.88
20121127,0.88,0.84,-4.55,0.88,0.84
20121128,0.85,0.82,-2.38,0.85,0.82
20121129,0.82,0.82,0,0.83,0.82
20121130,0.83,0.83,1.22,0.83,0.82
20121203,0.83,0.82,-1.2,0.83,0.82
20121204,0.83,0.83,1.22,0.84,0.82
20121205,0.84,0.83,0,0.84,0.82
20121206,0.83,0.82,-1.2,0.83,0.82
20121207,0.83,0.82,0,0.83,0.82
20121210,0.82,0.81,-1.22,0.82,0.8
20121211,0.81,0.81,0,0.82,0.81
20121212,0.81,0.83,2.47,0.83,0.81
20121213,0.83,0.84,1.2,0.86,0.83
20121214,0.84,0.85,1.19,0.86,0.83
20121217,0.85,0.9,5.88,0.9,0.85
20121218,0.9,0.95,5.56,0.95,0.9
20121219,0.95,0.97,2.11,0.98,0.94
20121220,0.97,0.98,1.03,0.98,0.96
20121221,0.96,0.94,-4.08,0.96,0.93
20121226,0.93,0.96,2.13,0.96,0.93
20121227,0.98,0.95,-1.04,0.98,0.95
20121228,0.94,0.97,2.11,0.97,0.94
20130102,0.98,0.97,0,0.99,0.96
20130103,0.97,0.97,0,0.98,0.96
20130104,0.98,1.06,9.28,1.06,0.97
20130107,1.07,1.07,0.94,1.08,1.05
20130108,1.07,1.06,-0.93,1.1,1.06
20130109,1.07,1.1,3.77,1.1,1.07
20130110,1.1,1.18,7.27,1.18,1.1
20130111,1.2,1.13,-4.24,1.23,1.11
20130114,1.14,1.13,0,1.17,1.12
20130115,1.13,1.12,-0.88,1.13,1.08
20130116,1.1,1.17,4.46,1.2,1.09
20130117,1.19,1.18,0.85,1.21,1.17
20130118,1.18,1.16,-1.69,1.18,1.14
20130121,1.18,1.19,2.59,1.2,1.17
20130122,1.2,1.27,6.72,1.27,1.19
20130123,1.29,1.22,-3.94,1.29,1.22
20130124,1.22,1.25,2.46,1.25,1.22
20130125,1.26,1.27,1.6,1.28,1.25
20130128,1.29,1.29,1.57,1.33,1.28
20130129,1.29,1.35,4.65,1.35,1.29
20130130,1.36,1.31,-2.96,1.37,1.29
20130201,1.33,1.34,2.29,1.35,1.31
20130204,1.34,1.27,-5.22,1.34,1.27
20130205,1.27,1.24,-2.36,1.27,1.19
20130206,1.2,1.15,-7.26,1.22,1.15
20130207,1.16,1.17,1.74,1.2,1.16
20130208,1.17,1.19,1.71,1.19,1.15
20130213,1.2,1.18,-0.84,1.2,1.17
20130214,1.18,1.21,2.54,1.21,1.14
20130215,1.22,1.2,-0.83,1.22,1.19
20130218,1.19,1.17,-2.5,1.19,1.15
20130219,1.19,1.16,-0.85,1.19,1.16
20130221,1.17,1.12,-3.45,1.17,1.1
20130222,1.14,1.14,1.79,1.14,1.09
20130225,1.15,1.14,0,1.15,1.13
20130226,1.13,1.14,0,1.16,1.12
20130227,1.13,1.19,4.39,1.2,1.13
20130228,1.18,1.18,-0.84,1.19,1.15
20130301,1.16,1.23,4.24,1.26,1.16
20130304,1.24,1.23,0,1.24,1.22
20130305,1.23,1.23,0,1.27,1.22
20130306,1.24,1.21,-1.63,1.25,1.2
20130307,1.21,1.25,3.31,1.25,1.18
20130308,1.25,1.24,-0.8,1.25,1.22
20130311,1.23,1.22,-1.61,1.24,1.2
20130312,1.22,1.2,-1.64,1.23,1.16
20130313,1.2,1.29,7.5,1.29,1.17
20130314,1.28,1.3,0.78,1.32,1.27
20130315,1.3,1.32,1.54,1.34,1.28
20130318,1.31,1.33,0.76,1.34,1.3
20130319,1.33,1.31,-1.5,1.33,1.28
20130320,1.3,1.33,1.53,1.35,1.3
20130321,1.32,1.33,0,1.35,1.31
20130322,1.31,1.29,-3.01,1.33,1.29
20130325,1.29,1.28,-0.78,1.29,1.26
20130326,1.29,1.3,1.56,1.3,1.27
20130327,1.29,1.27,-2.31,1.29,1.26
20130403,1.28,1.27,0,1.28,1.25
20130404,1.27,1.29,1.57,1.29,1.26
20130405,1.27,1.3,0.78,1.3,1.26
20130408,1.3,1.32,1.54,1.32,1.29
20130409,1.32,1.36,3.03,1.36,1.32
20130410,1.33,1.32,-2.94,1.34,1.31
20130411,1.31,1.29,-2.27,1.33,1.27
20130412,1.28,1.28,-0.78,1.3,1.27
20130415,1.28,1.25,-2.34,1.28,1.25
20130416,1.26,1.26,0.8,1.28,1.25
20130417,1.25,1.24,-1.59,1.26,1.22
20130418,1.23,1.21,-2.42,1.23,1.2
20130419,1.22,1.22,0.83,1.22,1.2
20130422,1.22,1.22,0,1.22,1.2
20130423,1.24,1.27,4.1,1.27,1.22
20130424,1.27,1.26,-0.79,1.3,1.26
20130425,1.26,1.29,2.38,1.3,1.26
20130426,1.28,1.25,-3.1,1.28,1.22
20130429,1.25,1.26,0.8,1.28,1.23
20130430,1.26,1.27,0.79,1.28,1.25
20130502,1.28,1.29,1.57,1.29,1.26
20130503,1.28,1.3,0.78,1.31,1.28
20130506,1.31,1.35,3.85,1.36,1.3
20130507,1.35,1.48,9.63,1.48,1.35
20130508,1.49,1.44,-2.7,1.53,1.43
20130509,1.42,1.35,-6.25,1.43,1.34
20130510,1.34,1.24,-8.15,1.34,1.23
20130513,1.25,1.26,1.61,1.27,1.21
20130514,1.26,1.24,-1.59,1.29,1.24
20130515,1.24,1.27,2.42,1.28,1.21
20130516,1.28,1.25,-1.57,1.29,1.24
20130517,1.25,1.21,-3.2,1.25,1.21
20130520,1.22,1.18,-2.48,1.22,1.15
20130521,1.17,1.16,-1.69,1.18,1.16
20130522,1.17,1.13,-2.59,1.17,1.13
20130523,1.11,1.18,4.42,1.21,1.11
20130524,1.16,1.14,-3.39,1.18,1.14
20130527,1.14,1.16,1.75,1.16,1.13
20130528,1.16,1.11,-4.31,1.17,1.11
20130529,1.13,1.14,2.7,1.14,1.1
20130530,1.14,1.15,0.88,1.17,1.14
20130531,1.15,1.15,0,1.15,1.14
20130603,1.14,1.15,0,1.17,1.14
20130604,1.16,1.13,-1.74,1.16,1.13
20130605,1.12,1.12,-0.88,1.14,1.09
20130606,1.11,1.13,0.89,1.13,1.11
20130607,1.12,1.11,-1.77,1.13,1.1
20130610,1.09,1.07,-3.6,1.09,1.04
20130611,1.05,1.05,-1.87,1.08,1.05
20130612,1.07,0.99,-5.71,1.07,0.98
20130613,0.99,1.02,3.03,1.02,0.97
20130614,1.03,1,-1.96,1.03,1
20130617,1,0.98,-2,1,0.98
20130618,0.98,0.96,-2.04,0.99,0.94
20130619,0.95,0.96,0,0.97,0.95
20130624,0.91,0.99,3.13,0.99,0.9
20130625,1.02,1.01,2.02,1.03,1
20130626,1.01,1,-0.99,1.02,0.975
20130627,0.99,0.995,-0.5,0.995,0.975
20130628,1,0.995,0,1,0.981
20130701,0.99,1.04,4.52,1.04,0.99
20130702,1.04,0.99,-4.81,1.04,0.99
20130703,0.99,0.985,-0.51,0.99,0.973
20130704,0.99,1.01,2.54,1.02,0.99
20130705,1,1,-0.99,1.02,0.99
20130708,1,1.04,4,1.05,1
20130710,1,1.05,0.96,1.07,1
20130711,1.06,1.11,5.71,1.11,1.05
20130712,1.11,1.1,-0.9,1.11,1.08
20130715,1.11,1.11,0.91,1.11,1.08
20130716,1.11,1.13,1.8,1.13,1.1
20130717,1.12,1.1,-2.65,1.13,1.09
20130718,1.07,1.05,-4.55,1.08,1.05
20130719,1.06,1.08,2.86,1.09,1.05
20130722,1.08,1.07,-0.93,1.11,1.07
20130723,1.08,1.07,0,1.09,1.06
20130724,1.07,1.09,1.87,1.09,1.06
20130725,1.09,1.08,-0.92,1.09,1.08
20130726,1.08,1.1,1.85,1.1,1.07
20130729,1.08,1.06,-3.64,1.09,1.06
20130730,1.06,1.03,-2.83,1.06,1.03
20130731,1.02,1.08,4.85,1.1,1.02
20130801,1.08,1.08,0,1.08,1.06
20130802,1.08,1.09,0.93,1.09,1.08
20130805,1.1,1.09,0,1.11,1.07
20130806,1.09,1.09,0,1.1,1.07
20130807,1.09,1.1,0.92,1.1,1.08
20130808,1.11,1.07,-2.73,1.12,1.07
20130809,1.1,1.09,1.87,1.1,1.08
20130812,1.09,1.15,5.5,1.15,1.09
20130813,1.16,1.18,2.61,1.19,1.15
20130814,1.18,1.28,8.47,1.28,1.18
20130815,1.26,1.25,-2.34,1.26,1.2
20130816,1.23,1.22,-2.4,1.23,1.17
20130820,1.21,1.23,0.82,1.23,1.2
20130821,1.23,1.21,-1.63,1.24,1.21
20130822,1.22,1.23,1.65,1.23,1.21
20130823,1.23,1.27,3.25,1.33,1.23
20130826,1.27,1.32,3.94,1.34,1.26
20130827,1.3,1.28,-3.03,1.3,1.27
20130828,1.3,1.3,1.56,1.35,1.29
20130829,1.29,1.32,1.54,1.32,1.27
20130830,1.3,1.32,0,1.34,1.3
20130902,1.32,1.37,3.79,1.37,1.32
20130903,1.37,1.38,0.73,1.4,1.35
20130904,1.38,1.36,-1.45,1.38,1.34
20130905,1.37,1.38,1.47,1.39,1.34
20130906,1.38,1.38,0,1.41,1.37
20130909,1.4,1.42,2.9,1.44,1.4
20130910,1.45,1.5,5.63,1.52,1.45
20130911,1.5,1.5,0,1.54,1.45
20130912,1.5,1.46,-2.67,1.53,1.44
20130913,1.44,1.47,0.68,1.48,1.44
20130916,1.49,1.66,12.93,1.69,1.49
20130917,1.73,1.74,4.82,1.76,1.69
20130918,1.76,1.73,-0.57,1.77,1.7
20130919,1.75,1.78,2.89,1.78,1.73
20130920,1.81,1.78,0,1.84,1.75
20130923,1.8,1.87,5.06,1.9,1.73
20130924,1.91,1.85,-1.07,1.95,1.8
20130925,1.85,1.83,-1.08,1.92,1.8
20130926,1.81,1.77,-3.28,1.84,1.71
20130927,1.74,1.75,-1.13,1.78,1.73
20130930,1.71,1.88,7.43,1.88,1.69
20131001,1.9,2.01,6.91,2.01,1.89
20131002,2,1.93,-3.98,2.04,1.92
20131003,1.97,1.93,0,1.98,1.89
20131004,1.91,1.84,-4.66,1.95,1.84
20131007,1.92,1.97,7.07,2,1.9
20131008,2.01,2.07,5.08,2.08,2.01
20131009,2.09,2.12,2.42,2.12,2.07
20131010,2.15,2.25,6.13,2.27,2.13
20131011,2.32,2.35,4.44,2.35,2.27
20131015,2.46,2.32,-1.28,2.52,2.31
20131016,2.32,2.19,-5.6,2.35,2.1
20131017,2.2,2.35,7.31,2.35,2.17
20131018,2.4,2.44,3.83,2.47,2.37
20131021,2.5,2.49,2.05,2.58,2.46
20131022,2.5,2.41,-3.21,2.51,2.35
20131023,2.35,2.14,-11.2,2.35,2.08
20131024,2.1,2.28,6.54,2.3,2.09
20131025,2.28,2.2,-3.51,2.28,2.14
20131028,2.24,2.11,-4.09,2.25,2.02
20131029,2.11,1.95,-7.58,2.11,1.92
20131030,1.95,1.94,-0.51,2.05,1.87
20131031,1.92,1.9,-2.06,1.95,1.9
20131101,1.9,1.88,-1.05,1.95,1.88
20131104,1.89,1.98,5.32,1.99,1.89
20131105,2.01,2.07,4.55,2.08,1.98
20131107,2.07,1.95,-5.8,2.19,1.94
20131108,1.96,1.92,-1.54,1.96,1.91
20131111,1.94,1.97,2.6,1.98,1.88
20131112,1.97,1.88,-4.57,1.97,1.88
20131113,1.88,1.81,-3.72,1.88,1.8
20131114,1.81,1.96,8.29,1.97,1.81
20131115,1.99,2.01,2.55,2.03,1.94
20131118,2.05,1.93,-3.98,2.07,1.92
20131119,1.87,1.79,-7.25,1.9,1.76
20131120,1.87,1.87,4.47,1.91,1.85
20131121,1.93,1.94,3.74,1.98,1.9
20131122,1.97,2.13,9.79,2.13,1.97
20131126,2.3,2.34,9.86,2.4,2.3
20131127,2.41,2.24,-4.27,2.41,2.2
20131128,2.24,2.36,5.36,2.37,2.23
20131129,2.36,2.28,-3.39,2.36,2.23
20131202,2.28,2.14,-6.14,2.28,2.14
20131203,2.14,2.03,-5.14,2.14,1.98
20131204,2.04,2.02,-0.49,2.05,1.96
20131205,2.05,2.03,0.5,2.1,2.01
20131206,2.04,2.06,1.48,2.1,2.03
20131209,2.07,2.08,0.97,2.15,2.05
20131210,2.1,1.96,-5.77,2.1,1.96
20131211,1.97,1.97,0.51,2.02,1.95
20131212,1.96,1.95,-1.02,1.98,1.93
20131213,1.97,1.94,-0.51,1.98,1.94
20131216,1.96,2.01,3.61,2.02,1.95
20131217,2.01,1.99,-1,2.02,1.95
20131218,1.95,1.92,-3.52,1.95,1.88
20131219,1.91,1.84,-4.17,1.95,1.8
20131220,1.84,1.83,-0.54,1.9,1.78
20131223,1.81,1.77,-3.28,1.84,1.77
20131226,1.78,1.81,2.26,1.81,1.77
20131227,1.8,1.9,4.97,1.92,1.75
20131230,1.92,1.89,-0.53,1.92,1.85
20140102,1.89,1.9,0.53,1.9,1.87
20140103,1.9,1.99,4.74,2.02,1.9
20140106,2,1.95,-2.01,2.04,1.9
20140107,1.95,1.9,-2.56,1.95,1.88
20140108,1.91,1.91,0.53,1.92,1.85
20140109,1.91,1.9,-0.52,1.92,1.89
20140110,1.94,1.9,0,1.95,1.89
20140113,1.91,1.94,2.11,1.97,1.91
20140114,1.97,1.91,-1.55,1.97,1.89
20140115,1.91,1.96,2.62,1.96,1.91
20140116,1.96,2.02,3.06,2.03,1.96
20140117,2.02,2.05,1.49,2.09,2.02
20140120,2.07,2.07,0.98,2.08,2.05
20140121,2.05,2.02,-2.42,2.07,2
20140122,2.02,2.05,1.49,2.05,2
20140123,2.05,1.92,-6.34,2.05,1.9
20140124,1.85,1.84,-4.17,1.88,1.82
20140127,1.84,1.76,-4.35,1.84,1.7
20140128,1.8,1.79,1.7,1.8,1.76
20140129,1.8,1.82,1.68,1.86,1.77
20140130,1.85,1.93,6.04,1.93,1.85
20140131,1.91,1.99,3.11,1.99,1.9
20140203,2.05,2.11,6.03,2.17,2.05
20140204,2.11,2.13,0.95,2.15,2.08
20140205,2.14,2.04,-4.23,2.14,2
20140206,2.05,2,-1.96,2.05,1.97
20140207,2,1.89,-5.5,2,1.87
20140210,1.88,1.79,-5.29,1.88,1.78
20140211,1.8,1.86,3.91,1.87,1.78
20140212,1.9,1.95,4.84,1.97,1.89
20140213,1.93,1.9,-2.56,1.96,1.89
20140214,1.95,2.06,8.42,2.07,1.93
20140217,2.06,2.2,6.8,2.21,2.06
20140218,2.24,2.17,-1.36,2.24,2.1
20140219,2.15,2.1,-3.23,2.15,2.08
20140220,2.1,2.1,0,2.2,2.1
20140221,2.14,2.13,1.43,2.16,2.11
20140224,2.16,2.16,1.41,2.18,2.13
20140225,2.14,2.1,-2.78,2.14,2.08
20140226,2.08,2.06,-1.9,2.09,2.05
20140227,2.06,2,-2.91,2.06,1.98
20140228,2.03,2.06,3,2.1,1.99
20140305,2.05,1.98,-3.88,2.05,1.96
20140306,1.98,2.05,3.54,2.05,1.97
20140307,2.06,2.04,-0.49,2.06,2.02
20140310,2.05,1.99,-2.45,2.05,1.96
20140311,1.99,1.99,0,1.99,1.96
20140312,1.98,1.98,-0.5,2.02,1.95
20140313,1.99,1.97,-0.51,2,1.95
20140314,1.9,1.95,-1.02,1.98,1.9
20140317,1.96,1.95,0,1.96,1.93
20140318,1.96,1.96,0.51,1.96,1.92
20140319,1.96,1.96,0,1.96,1.92
20140320,1.96,1.98,1.02,2.02,1.96
20140321,2.01,2.03,2.53,2.05,2
20140325,2.06,2.07,1.97,2.08,2.03
20140326,2.07,2.16,4.35,2.19,2.07
20140327,2.16,2.26,4.63,2.29,2.16
20140328,2.29,2.2,-2.65,2.29,2.15
20140331,2.22,2.28,3.64,2.3,2.22
20140401,2.28,2.34,2.63,2.35,2.27
20140403,2.48,2.44,4.27,2.49,2.4
20140404,2.46,2.46,0.82,2.47,2.43
20140407,2.44,2.43,-1.22,2.44,2.4
20140408,2.42,2.56,5.35,2.56,2.41
20140409,2.58,2.54,-0.78,2.59,2.49
20140410,2.52,2.61,2.76,2.65,2.52
20140411,2.63,2.54,-2.68,2.63,2.5
20140414,2.54,2.5,-1.57,2.56,2.5
20140415,2.54,2.43,-2.8,2.54,2.4
20140416,2.43,2.49,2.47,2.49,2.41
20140421,2.5,2.53,1.61,2.54,2.46
20140422,2.53,2.62,3.56,2.62,2.53
20140423,2.62,2.8,6.87,2.8,2.6
20140424,2.81,2.79,-0.36,2.93,2.77
20140425,2.8,2.78,-0.36,2.8,2.71
20140428,2.8,3.01,8.27,3.03,2.8
20140429,3.01,2.95,-1.99,3.07,2.9
20140430,2.9,2.92,-1.02,2.95,2.8
20140505,2.94,3.02,3.42,3.02,2.87
20140506,3.06,2.97,-1.66,3.07,2.97
20140507,2.99,2.91,-2.02,2.99,2.9
20140508,2.91,2.8,-3.78,2.96,2.8
20140509,2.83,2.93,4.64,2.93,2.75
20140512,2.93,2.9,-1.02,2.96,2.88
20140513,2.95,3.02,4.14,3.05,2.93
20140514,3,3.02,0,3.04,2.97
20140515,2.96,2.9,-3.97,2.97,2.89
20140516,2.92,2.9,0,2.93,2.82
20140519,2.9,3.01,3.79,3.04,2.9
20140520,3.02,3,-0.33,3.11,3
20140521,3.01,3.29,9.67,3.33,3.01
20140522,3.49,3.44,4.56,3.49,3.37
20140523,3.47,3.4,-1.16,3.47,3.3
20140526,3.4,3.47,2.06,3.5,3.4
20140527,3.53,3.58,3.17,3.63,3.52
20140528,3.65,3.75,4.75,3.82,3.65
20140529,3.81,3.92,4.53,3.94,3.78
20140530,3.93,3.89,-0.77,3.94,3.79
20140602,3.94,3.84,-1.29,3.94,3.7
20140603,3.85,3.82,-0.52,3.89,3.82
20140604,3.85,3.75,-1.83,3.85,3.72
20140605,3.8,3.88,3.47,3.89,3.79
20140606,3.98,3.96,2.06,3.98,3.9
20140609,4.05,4.12,4.04,4.14,3.99
20140610,4.16,3.88,-5.83,4.32,3.88
20140611,3.95,3.94,1.55,4.02,3.88
20140612,3.94,3.89,-1.27,3.98,3.88
20140613,3.81,3.97,2.06,3.98,3.8
20140616,3.58,3.56,-10.33,3.7,3.5
20140617,3.4,3.74,5.06,3.82,3.32
20140618,3.7,3.81,1.87,3.88,3.5
20140619,3.51,3.67,-3.67,3.79,3.51
20140623,4.12,4,8.99,4.12,3.85
20140624,4.07,3.89,-2.75,4.1,3.86
20140625,3.87,3.9,0.26,3.96,3.87
20140626,3.89,3.84,-1.54,3.94,3.73
20140627,3.82,3.89,1.3,3.9,3.73
20140630,3.98,3.93,1.03,3.98,3.83
20140701,4,4.04,2.8,4.1,3.98
20140702,4.05,4.13,2.23,4.15,4.05
20140703,4.15,4.07,-1.45,4.18,4.05
20140704,4.07,4.03,-0.98,4.07,3.95
20140707,4.06,3.99,-0.99,4.08,3.97
20140708,4.02,4.19,5.01,4.19,4.02
20140710,4.24,4.49,7.16,4.53,4.24
20140711,4.49,4.59,2.23,4.62,4.44
20140714,4.58,4.5,-1.96,4.58,4.4
20140715,4.5,4.4,-2.22,4.56,4.39
20140716,4.4,4.25,-3.41,4.44,4.21
20140717,4.23,4,-5.88,4.26,4
20140718,4.15,4.24,6,4.34,4.15
20140721,4.2,4.09,-3.54,4.2,4.06
20140722,4.13,4.11,0.49,4.15,3.85
20140723,4.07,3.91,-4.87,4.07,3.91
20140724,4.03,3.91,0,4.1,3.91
20140725,3.92,3.71,-5.12,3.92,3.71
20140728,3.67,3.66,-1.35,3.72,3.59
20140729,3.61,4.02,9.84,4.02,3.61
20140730,4.38,4.55,13.18,4.56,4.36
20140731,4.01,4.06,-10.77,4.21,4
20140801,4.05,4.15,2.22,4.3,3.9
20140804,4.18,4.31,3.86,4.32,4.1
20140805,4.28,4.1,-4.87,4.29,4.1
20140806,4.1,4.2,2.44,4.28,4.1
20140807,4.28,4.35,3.57,4.42,4.24
20140808,4.38,4.38,0.69,4.41,4.3
20140811,4.38,4.32,-1.37,4.42,4.3
20140812,4.28,4.39,1.62,4.41,4.26
20140813,4.4,4.34,-1.14,4.43,4.31
20140814,4.33,4.22,-2.76,4.34,4.22
20140815,4.25,4.37,3.55,4.39,4.23
20140819,4.5,4.51,3.2,4.54,4.48
20140820,4.47,4.48,-0.67,4.48,4.35
20140821,4.47,4.38,-2.23,4.47,4.38
20140822,4.42,4.52,3.2,4.54,4.41
20140825,4.55,4.52,0,4.58,4.5
20140826,4.49,4.45,-1.55,4.53,4.36
20140827,4.52,4.55,2.25,4.75,4.49
20140828,4.55,4.49,-1.32,4.6,4.44
20140829,4.49,4.53,0.89,4.54,4.44
20140901,4.56,4.58,1.1,4.65,4.5
20140902,4.63,4.58,0,4.69,4.57
20140903,4.62,4.86,6.11,4.88,4.62
20140904,4.9,4.69,-3.5,4.9,4.68
20140905,4.88,4.94,5.33,4.99,4.69
20140908,4.94,5.24,6.07,5.24,4.94
20140909,5.25,5.32,1.53,5.39,5.18
20140910,5.37,5.3,-0.38,5.4,5.25
20140911,5.3,5.4,1.89,5.41,5.22
20140912,5.39,5.59,3.52,5.59,5.39
20140915,5.6,5.5,-1.61,5.72,5.5
20140916,5.59,5.77,4.91,5.9,5.5
20140917,5.75,5.72,-0.87,5.85,5.68
20140918,5.71,5.65,-1.22,5.73,5.5
20140919,5.65,5.68,0.53,5.68,5.62
20140922,5.85,6,5.63,6,5.68
20140923,6.04,6.13,2.17,6.14,5.9
20140924,6.13,6.14,0.16,6.15,5.91
20140925,6.2,6.04,-1.63,6.2,5.93
20140926,6.19,6.27,3.81,6.29,6.05
20140929,6.3,6.5,3.67,6.5,6.2
20140930,6.5,6.41,-1.38,6.5,6.25
20141001,6.45,5.82,-9.2,6.45,5.81
20141002,5.7,5.47,-6.01,5.7,5.3
20141003,5.39,5.93,8.41,5.99,5.39
20141006,6.2,5.63,-5.06,6.2,5.58
20141007,5.59,5.57,-1.07,5.65,5.57
20141008,5.57,5.62,0.9,5.64,5.57
20141009,5.56,5.29,-5.87,5.56,5.2
20141010,5.3,5.25,-0.76,5.3,5.05
20141014,5.05,5,-4.76,5.15,4.95
20141015,4.7,4.78,-4.4,4.85,4.7
20141016,4.6,5.08,6.28,5.08,4.6
20141017,5.2,5.45,7.28,5.47,5.12
20141020,5.6,5.9,8.26,5.92,5.48
20141021,5.94,5.68,-3.73,5.96,5.53
20141022,5.59,5.5,-3.17,5.78,5.5
20141023,5.53,5.32,-3.27,5.53,5.3
20141024,5.32,5.56,4.51,5.6,5.32
20141027,5.5,5.57,0.18,5.65,5.45
20141028,5.6,5.52,-0.9,5.7,5.52
20141029,5.59,5.49,-0.54,5.6,5.49
20141030,5.46,5.71,4.01,5.71,5.45
20141031,5.95,5.91,3.5,5.95,5.77
20141103,5.96,6.25,5.75,6.28,5.94
20141104,6.38,6.13,-1.92,6.38,6.08
20141105,6.12,6,-2.12,6.12,5.94
20141107,6.1,6,0,6.16,5.98
20141110,5.8,5.87,-2.17,5.94,5.8
20141111,5.82,5.7,-2.9,5.83,5.68
20141112,5.79,5.51,-3.33,5.79,5.51
20141113,5.53,5.37,-2.54,5.53,5.33
20141114,5.35,5.44,1.3,5.44,5.2
20141117,5.4,5.2,-4.41,5.41,5.15
20141118,5.3,5.47,5.19,5.48,5.2
20141119,5.45,5.3,-3.11,5.55,5.3
20141120,5.3,5.39,1.7,5.7,5.3
20141121,5.4,5.79,7.42,5.79,5.4
20141125,5.75,5.47,-5.53,5.78,5.46
20141126,5.56,5.59,2.19,5.63,5.5
20141127,5.6,5.62,0.54,5.66,5.56
20141128,5.62,5.4,-3.91,5.62,5.4
20141201,5.35,5.12,-5.19,5.35,5.05
20141202,5.09,5.15,0.59,5.28,5.09
20141203,5.15,5.37,4.27,5.37,5.15
20141204,5.39,5.2,-3.17,5.55,5.2
20141205,5.3,5.44,4.62,5.47,5.2
20141209,5.31,5.24,-3.68,5.31,5.1
20141210,5.22,4.8,-8.4,5.22,4.8
20141211,4.68,5.07,5.62,5.1,4.65
20141212,5.15,4.79,-5.52,5.15,4.76
20141215,4.8,4.32,-9.81,4.8,4.32
20141216,4.3,4.3,-0.46,4.5,4.05
20141217,4.3,4.4,2.33,4.55,4.3
20141218,4.5,4.25,-3.41,4.56,4.24
20141219,4.33,4.24,-0.24,4.35,4.18
20141222,4.27,4.39,3.54,4.48,4.25
20141223,4.52,4.51,2.73,4.52,4.37
20141229,4.6,4.55,0.89,4.69,4.55
20141230,4.6,4.41,-3.08,4.6,4.22
20150102,4.5,4.64,5.22,4.66,4.44
20150105,4.69,4.45,-4.09,4.69,4.41
20150106,4.45,4.36,-2.02,4.48,4.32
20150107,4.45,4.6,5.5,4.6,4.35
20150108,4.72,4.93,7.17,4.95,4.63
20150109,5,4.92,-0.2,5,4.82
20150112,4.92,4.84,-1.63,4.92,4.72
20150113,4.9,4.9,1.24,5.02,4.84
20150114,4.85,4.98,1.63,5.06,4.8
20150115,5.08,4.94,-0.8,5.1,4.89
20150116,4.9,5.02,1.62,5.02,4.9
20150119,5.05,5.05,0.6,5.07,4.95
20150120,5.1,5.09,0.79,5.14,5
20150121,5.12,5.2,2.16,5.24,5.06
20150122,5.21,5.17,-0.58,5.32,5.12
20150123,5.2,5.23,1.16,5.28,5.15
20150126,5.23,5.33,1.91,5.33,5.15
20150127,5.33,5.59,4.88,5.59,5.31
20150128,5.58,5.75,2.86,5.75,5.49
20150129,5.75,5.57,-3.13,5.75,5.43
20150130,5.5,5.42,-2.69,5.5,5.2
20150202,5.31,5.45,0.55,5.53,5.31
20150203,5.5,5.59,2.57,5.63,5.5
20150204,5.6,5.6,0.18,5.65,5.58
20150205,5.6,5.8,3.57,5.8,5.6
20150206,5.8,5.69,-1.9,5.86,5.69
20150209,5.71,5.7,0.18,5.8,5.67
20150210,5.78,5.72,0.35,5.78,5.65
20150211,5.7,5.74,0.35,5.75,5.66
20150212,5.75,5.8,1.05,5.85,5.75
20150213,5.9,5.98,3.1,6,5.83
20150218,5.97,5.85,-2.17,6,5.81
20150219,5.85,5.8,-0.85,5.85,5.75
20150220,5.83,5.89,1.55,5.98,5.79
20150223,5.99,6.05,2.72,6.05,5.8
20150224,6.1,6.09,0.66,6.16,6.03
20150225,6.14,6.15,0.99,6.23,6.05
20150226,6.19,6.15,0,6.27,6.07
20150227,6.22,6.17,0.33,6.23,6.1
20150302,6.2,6.24,1.13,6.3,6.2
20150303,6.25,6.44,3.21,6.44,6.24
20150304,6.49,6.5,0.93,6.51,6.34
20150305,6.55,6.9,6.15,6.94,6.54
20150306,7,7.02,1.74,7.02,6.93
20150309,7.05,7.4,5.41,7.47,7
20150310,7.45,7.19,-2.84,7.69,7.15
20150311,7.34,7.59,5.56,7.75,7.28
20150312,7.7,7.53,-0.79,7.9,7.3
20150313,7.6,8.15,8.23,8.28,7.6
20150316,8.31,8.48,4.05,8.55,8.31
20150317,8.85,8.98,5.9,8.98,8.5
20150318,8.72,8.92,-0.67,8.97,8.6
20150319,8.99,9.15,2.58,9.27,8.76
20150320,9.3,9.42,2.95,9.5,9.25
20150325,9.12,8.81,-6.48,9.12,8.64
20150326,8.74,8,-9.19,8.75,8
20150327,7.9,8.34,4.25,8.35,7.9
20150330,8.5,8.37,0.36,8.68,8.25
20150331,8.4,8.39,0.24,8.64,8.11
20150401,8.39,8.48,1.07,8.65,8.39
20150406,8.5,8.71,2.71,8.77,8.5
20150407,8.8,8.51,-2.3,8.8,8.4
20150408,8.51,8.53,0.24,8.54,8.4
20150409,8.55,8.46,-0.82,8.57,8.34
20150410,8.47,8.57,1.3,8.58,8.39
20150413,8.6,8.38,-2.22,8.65,8.3
20150414,8.3,8.24,-1.67,8.49,8.24
20150415,8.25,8.2,-0.49,8.3,7.9
20150416,8.09,8.16,-0.49,8.18,8
20150417,8.16,8.03,-1.59,8.16,7.98
20150420,8.12,7.84,-2.37,8.12,7.8
20150421,7.8,7.55,-3.7,7.8,7.54
20150422,7.55,7.81,3.44,7.81,7.5
20150423,7.81,8.12,3.97,8.14,7.81
20150424,8.41,8.48,4.43,8.65,8.15
20150427,8.6,8.3,-2.12,8.7,8.25
20150428,8.31,8.37,0.84,8.39,8.06
20150429,8.4,8.05,-3.82,8.4,8.03
20150430,8.07,7.78,-3.35,8.07,7.7
20150504,7.82,8.34,7.2,8.35,7.82
20150505,8.35,8.29,-0.6,8.38,8.25
20150506,8.18,7.97,-3.86,8.24,7.97
20150507,7.8,7.88,-1.13,7.95,7.75
20150508,7.95,8.01,1.65,8.02,7.9
20150511,8.01,7.84,-2.12,8.04,7.75
20150512,7.92,7.94,1.28,8.04,7.72
20150513,7.88,7.79,-1.89,7.88,7.77
20150514,7.79,7.85,0.77,7.86,7.75
20150515,7.84,7.8,-0.64,7.92,7.78
20150518,7.8,7.75,-0.64,7.82,7.71
20150519,7.71,7.5,-3.23,7.75,7.46
20150520,7.59,7.4,-1.33,7.59,7.4
20150521,7.25,7.14,-3.51,7.35,7.1
20150522,7.02,7.01,-1.82,7.07,6.98
20150526,6.88,6.86,-2.14,6.96,6.7
20150527,6.8,6.86,0,6.95,6.75
20150528,6.88,6.72,-2.04,6.9,6.71
20150529,6.75,6.68,-0.6,6.85,6.62
20150601,6.61,6.65,-0.45,6.8,6.61
20150602,6.65,7.25,9.02,7.25,6.65
20150603,6.89,6.9,-4.83,6.99,6.75
20150604,7.14,7.19,4.2,7.3,7.07
20150605,7.2,7.09,-1.39,7.22,7.03
20150608,7.05,7,-1.27,7.1,6.97
20150609,6.97,7.14,2,7.14,6.97
20150610,7.15,7.08,-0.84,7.3,7
20150611,7,7.1,0.28,7.11,6.99
20150612,7.15,7.1,0,7.15,6.96
20150615,6.97,6.85,-3.52,6.97,6.8
20150616,6.82,6.7,-2.19,6.82,6.65
20150617,6.45,6.46,-3.58,6.58,6.38
20150618,6.46,6.35,-1.7,6.5,6.23
20150619,6.35,6.46,1.73,6.53,6.28
20150622,6.5,6.97,7.89,7.05,6.5
20150623,7,7,0.43,7.25,6.87
20150624,7,6.96,-0.57,7.1,6.9
20150625,7,7.02,0.86,7.04,6.89
20150626,7.04,7,-0.28,7.04,6.93
20150629,6.8,6.78,-3.14,6.93,6.75
20150630,6.8,7.07,4.28,7.12,6.78
20150701,7.14,7.3,3.25,7.42,7.14
20150702,7.3,7.48,2.47,7.52,7.13
20150703,7.5,7.7,2.94,7.8,7.5
20150706,7.69,7.88,2.34,7.95,7.6
20150707,7.84,7.8,-1.02,7.85,7.5
20150708,7.8,7.59,-2.69,7.8,7.54
20150710,7.8,7.67,1.05,7.8,7.66
20150713,7.85,8.04,4.82,8.05,7.8
20150714,8.04,8.3,3.23,8.35,8
20150715,8.33,8.72,5.06,8.72,8.33
20150716,8.95,9,3.21,9,8.78
20150717,8.89,9.17,1.89,9.3,8.7
20150720,8.89,8.8,-4.03,8.98,8.7
20150721,8.6,8.89,1.02,8.89,8.44
20150722,8.88,8.45,-4.95,8.88,8.42
20150723,8.4,8.5,0.59,8.54,8.31
20150724,8.4,7.92,-6.82,8.4,7.8
20150727,7.8,7.94,0.25,8.2,7.7
20150728,8.15,8.1,2.02,8.29,8.03
20150729,8.15,8.27,2.1,8.42,8.1
20150730,8.32,8.27,0,8.32,8.1
20150731,8.27,8.2,-0.85,8.27,8.09
20150803,8.2,8.05,-1.83,8.2,8
20150804,8.1,8.01,-0.5,8.15,7.88
20150805,8.01,8.11,1.25,8.15,7.91
20150806,8.2,8.51,4.93,8.7,8.03
20150807,8.5,8.54,0.35,8.6,8.24
20150810,8.7,9.04,5.85,9.1,8.6
20150811,8.89,8.8,-2.65,8.89,8.6
20150812,8.68,8.99,2.16,8.99,8.53
20150813,8.99,9.1,1.22,9.1,8.85
20150814,9.14,9.13,0.33,9.15,9.01
20150818,9.1,8.9,-2.52,9.14,8.9
20150819,8.9,8.85,-0.56,8.9,8.6
20150820,8.8,8.75,-1.13,8.89,8.65
20150821,8.64,8.43,-3.66,8.64,8.14
20150824,8,8,-5.1,8.32,7.9
20150825,8.35,8,0,8.35,7.96
20150826,8,8.42,5.25,8.42,8
20150827,8.7,8.89,5.58,8.89,8.6
20150828,8.89,8.9,0.11,8.99,8.75
20150831,8.88,8.9,0,9,8.71
20150901,8.7,8.82,-0.9,8.94,8.7
20150902,8.8,8.88,0.68,8.9,8.8
20150903,8.8,9.18,3.38,9.19,8.8
20150904,9.1,9.23,0.54,9.23,9
20150907,9.2,9.24,0.11,9.27,9.19
20150908,9.27,9.44,2.16,9.48,9.27
20150909,9.44,9.6,1.69,9.6,9.44
20150910,9.62,9.5,-1.04,9.69,9.48
20150911,9.55,9.4,-1.05,9.55,9.26
20150914,9.29,9.19,-2.23,9.35,9.1
20150915,9.23,9.28,0.98,9.35,9.2
20150916,9.5,9,-3.02,9.6,8.9
20150917,9.06,9.52,5.78,9.57,9.06
20150918,9.47,9.41,-1.16,9.67,9.4
20150921,9.41,9.24,-1.81,9.48,9.21
20150922,9.3,8.8,-4.76,9.3,8.5
20150923,9,9,2.27,9,8.5
20150924,8.95,9,0,9,8.11
20150925,9,9.11,1.22,9.35,8.8
20150928,9.09,8.55,-6.15,9.09,8.51
20150929,8.61,8.5,-0.58,8.74,8.4
20150930,8.65,8.4,-1.18,8.7,8.4
20151001,8.5,8.1,-3.57,8.5,8.05
20151002,8.24,8.5,4.94,8.5,8.18
20151005,8.7,8.75,2.94,8.85,8.55
20151006,8.75,8.63,-1.37,8.85,8.56
20151007,8.75,8.5,-1.51,8.8,8.43
20151008,8.68,8.69,2.24,8.85,8.5
20151009,8.85,8.8,1.27,8.85,8.7
20151013,9.15,9.13,3.75,9.36,9
20151014,9.1,9.3,1.86,9.4,9.1
20151015,9.27,9.37,0.75,9.4,9.25
20151016,9.13,9.75,4.06,9.85,9.13
20151019,9.75,9.97,2.26,10,9.65
20151020,9.99,9.91,-0.6,10.1,9.88
20151021,9.99,9.76,-1.51,9.99,9.7
20151022,9.8,9.91,1.54,9.99,9.8
20151023,10,10.7,7.97,10.7,10
20151026,11.95,12.1,13.08,12.5,11.45
20151027,12.3,12.35,2.07,12.4,11.5
20151028,12.3,12.7,2.83,13.3,12.1
20151029,12.9,12.95,1.97,13.95,12.9
20151030,12.95,13.2,1.93,13.55,12.75
20151102,13.55,13.3,0.76,13.65,13
20151103,13.3,12.8,-3.76,13.3,12.5
20151104,12.9,13,1.56,13.2,12.8
20151105,13,13.1,0.77,13.2,12.8
20151109,13.2,13,-0.76,13.35,12.9
20151110,13.15,13.5,3.85,13.5,12.8
20151111,13.7,14.05,4.07,14.2,13.5
20151112,14.3,14.5,3.2,15.1,14
20151113,14.5,14.7,1.38,15.1,14.5
20151116,14.9,14.6,-0.68,15.1,14.5
20151117,14.65,14.65,0.34,15.05,14.1
20151118,14.65,14.65,0,15,14.3
20151119,14.6,14.65,0,15,13.9
20151120,14.95,15.4,5.12,15.6,14.5
20151123,16.5,13.3,-13.64,16.5,13
20151124,13.3,13,-2.26,13.45,12.3
20151125,13.4,12.3,-5.38,13.4,12.2
20151126,12.15,12.2,-0.81,12.6,12.15
20151130,13,12.8,4.92,13,12.4
20151201,12.9,12.7,-0.78,13.3,12.65
20151202,12.85,12.3,-3.15,12.85,12.2
20151203,12.25,12.05,-2.03,12.65,11.8
20151204,12.05,12.5,3.73,12.5,12.05
20151209,12.6,13.4,7.2,13.6,12.6
20151210,13.65,13.65,1.87,13.95,13.2
20151211,13.5,12.65,-7.33,13.9,12.55
20151214,12.65,12,-5.14,13,11.85
20151215,12.1,11.95,-0.42,12.3,11.8
20151216,11.95,11.75,-1.67,12.3,11.55
20151217,12.1,12.4,5.53,12.45,11.9
20151218,12.4,11.75,-5.24,12.7,11.4
20151221,11.75,11.2,-4.68,12.15,11.1
20151222,11,11.5,2.68,11.8,11
20151223,11.55,12.3,6.96,12.4,11.5
20151228,12.4,11.85,-3.66,12.4,11.8
20151229,12,11.7,-1.27,12.2,11.65
20151230,11.95,11.6,-0.85,11.95,11.45
20160104,11.4,11.05,-4.74,11.5,10.85
20160105,11,11,-0.45,11.15,10.8
20160106,11.05,11.25,2.27,11.3,10.6
20160107,10.9,11.15,-0.89,11.25,10.7
20160108,11.2,11.6,4.04,11.65,11.2
20160111,11.7,11.15,-3.88,11.85,11.15
20160112,11.35,11,-1.35,11.5,10.8
20160113,10.9,10.95,-0.45,11.35,10.8
20160114,10.95,11.4,4.11,11.4,10.75
20160115,11,10.65,-6.58,11.2,10.65
20160118,10.65,10.15,-4.69,10.7,10
20160119,10.35,10.45,2.96,10.7,10.35
20160120,10.25,9.85,-5.74,10.25,9.65
20160121,9.95,10.4,5.58,10.4,9.95
20160122,10.75,11.45,10.1,11.6,10.7
20160125,11.5,11.95,4.37,12.05,11.25
20160126,11.95,11.8,-1.26,12.3,11.8
20160127,11.9,12.3,4.24,12.55,11.7
20160128,12.6,12.55,2.03,12.8,12.25
20160129,12.85,12.75,1.59,12.85,12.4
20160201,12.85,12.45,-2.35,12.85,12.25
20160202,12.45,12.95,4.02,13.05,11.9
20160203,13,12.75,-1.54,13.15,12.7
20160204,12.85,12.9,1.18,13.15,12.85
20160205,13.05,13.1,1.55,13.15,12.8
20160210,13.1,13.35,1.91,13.35,12.5
20160211,13,12.85,-3.75,13.2,12.6
20160212,13,12.75,-0.78,13.25,12.6
20160215,12.9,12.75,0,13,12.7
20160216,12.5,13,1.96,13.05,12.5
20160217,13,13.25,1.92,13.35,12.85
20160218,13.25,13.15,-0.75,13.4,12.95
20160219,12.95,12.95,-1.52,13,12.8
20160222,12.95,13.85,6.95,13.9,12.95
20160223,13.95,13.95,0.72,14.1,13.55
20160224,13.9,14,0.36,14.3,13.5
20160225,14,14.45,3.21,14.6,14
20160226,14.6,14.25,-1.38,14.85,14.1
20160229,14.3,14.25,0,14.95,14.25
20160301,14.35,13.95,-2.11,14.7,13.65
20160302,14,13.35,-4.3,14.3,13
20160303,13.4,12.95,-3,13.45,12.45
20160304,13,12.7,-1.93,13.1,12.35
20160307,12.45,12.35,-2.76,12.6,12.3
20160308,12.35,12.4,0.4,12.65,12.2
20160309,12.6,12.4,0,12.65,12.3
20160310,12.85,12.35,-0.4,13.1,12.25
20160311,12.4,11.9,-3.64,12.5,11.9
20160314,11.85,11.8,-0.84,12.05,11.7
20160315,11.8,11.5,-2.54,11.95,11.5
20160316,11.9,12.3,6.96,12.4,11.6
20160317,12.45,12.2,-0.81,12.45,11.9
20160318,12.2,11.8,-3.28,12.25,11.75
20160321,11.8,11.7,-0.85,11.8,11.5
20160322,11.8,11.95,2.14,12,11.4
20160323,11.8,11.7,-2.09,11.95,11.65
20160328,11.75,12.1,3.42,12.25,11.75
20160329,12.1,12.15,0.41,12.25,12.05
20160330,12.15,12.15,0,12.25,11.9
20160331,12.25,12.6,3.7,12.7,12.15
20160401,12.55,12.65,0.4,12.7,12.4
20160404,12.6,12.45,-1.58,12.65,12.4
20160405,12.4,12.25,-1.61,12.4,12
20160406,12.15,11.85,-3.27,12.15,11.7
20160407,11.7,11.3,-4.64,11.85,11.2
20160408,11.4,11.55,2.21,11.8,11.3
20160411,11.8,11.5,-0.43,11.8,11.45
20160412,11.55,11.7,1.74,11.75,11.5
20160413,11.85,12.7,8.55,12.75,11.8
20160414,12.75,12.9,1.57,13.1,12.75
20160415,12.9,12.75,-1.16,13,12.6
20160418,12.7,12.6,-1.18,12.7,12.35
20160419,12.7,12.8,1.59,12.85,12.4
20160420,12.85,12.75,-0.39,13.1,12.7
20160421,12.75,12.75,0,12.95,12.55
20160422,12.65,12.4,-2.75,12.9,12.35
20160425,12.4,11.9,-4.03,12.4,11.85
20160426,11.9,12.1,1.68,12.15,11.8
20160427,12.1,11.9,-1.65,12.2,11.75
20160428,11.85,11.85,-0.42,11.9,11.6
20160429,11.75,11.75,-0.84,11.75,11.6
20160502,11.75,11.65,-0.85,11.95,11.55
20160503,11.5,11.45,-1.72,11.5,11.3
20160504,11.6,11.85,3.49,12,11.45
20160505,12.1,12.4,4.64,12.4,12.1
20160506,12.4,12.8,3.23,12.9,12.4
20160509,12.75,12.6,-1.56,12.75,12.4
20160510,12.6,12.75,1.19,12.85,12.55
20160511,12.75,12.75,0,12.85,12.6
20160512,12.5,12.7,-0.39,12.8,12.5
20160513,13,12.85,1.18,13.1,12.8
20160516,12.95,12.8,-0.39,13.05,12.7
20160517,12.8,12.65,-1.17,12.9,12.5
20160518,12.65,12.35,-2.37,12.65,12.35
20160519,12.1,11.95,-3.24,12.15,11.75
20160520,12.1,12,0.42,12.2,11.9
20160523,12,11.75,-2.08,12.1,11.75
20160524,11.8,11.9,1.28,12,11.65
20160526,12.1,12.75,7.14,12.8,12.1
20160527,12.75,12.95,1.57,13.15,12.7
20160530,12.95,12.8,-1.16,13.1,12.8
20160531,12.8,13.1,2.34,13.15,12.8
20160601,13,13.05,-0.38,13.1,12.85
20160602,13.05,12.95,-0.77,13.05,12.8
20160603,13.1,13.2,1.93,13.35,13
20160606,13.25,13.5,2.27,13.5,13.25
20160607,13.5,14.15,4.81,14.2,13.5
20160608,14.15,14.45,2.12,14.5,14.15
20160609,14.45,14.45,0,14.5,14.25
20160610,14.3,14.25,-1.38,14.3,13.9
20160613,14.25,14.5,1.75,14.5,14.1
20160614,14.45,14.35,-1.03,14.45,14.15
20160615,14.2,14.45,0.7,14.5,14.2
20160616,14.5,14.65,1.38,14.8,14.45
20160621,14.9,14.95,2.05,14.95,14.7
20160622,14.95,15,0.33,15.35,14.95
20160623,15.25,15.5,3.33,15.55,15.1
20160624,14.45,15.6,0.65,15.6,14.4
20160627,15.5,15.8,1.28,15.95,15.5
20160628,16,16.1,1.9,16.15,15.75
20160629,16.2,16.3,1.24,16.5,16.2
20160630,16.4,16.35,0.31,16.7,16.25
20160701,16.55,16.9,3.36,17.15,16.5
20160704,16.4,17,0.59,17.2,16.4
20160705,17,17.2,1.18,17.2,16.7
20160706,17,17,-1.16,17.15,16.85
20160707,17.15,16.5,-2.94,17.25,16.5
20160711,16.9,16.7,1.21,17.15,16
20160712,16.8,16.2,-2.99,16.95,16
20160713,16,16.3,0.62,16.3,15.8
20160714,16.15,16.65,2.15,16.7,16.1
20160715,16.7,17,2.1,17,16.65
20160718,16.8,17.25,1.47,17.25,16.7
20160719,17.2,16.6,-3.77,17.2,16.4
20160720,16.6,16.35,-1.51,16.6,16.15
20160721,16.3,16.25,-0.61,16.5,16.1
20160722,16.3,16.6,2.15,16.6,16.25
20160725,16.7,16.25,-2.11,16.7,16.2
20160726,16.25,16.05,-1.23,16.35,15.9
20160727,16.1,16.3,1.56,16.3,15.75
20160728,16.4,16.2,-0.61,16.5,16.2
20160729,16.4,16.55,2.16,16.65,16.35
20160801,16.5,16.55,0,16.65,16.4
20160802,16.65,16.45,-0.6,16.7,16.25
20160803,16.45,16.4,-0.3,16.6,16.3
20160804,16.4,16.5,0.61,16.65,16.1
20160805,16.5,16.45,-0.3,16.6,16.3
20160808,16.45,16.15,-1.82,16.45,16.05
20160809,16.35,16.4,1.55,16.5,16.3
20160810,16.4,16.55,0.91,16.6,16.25
20160811,16.2,16.4,-0.91,16.6,16.2
20160812,16.45,15.9,-3.05,16.45,15.8
20160816,16,15.2,-4.4,16.4,14.9
20160817,15.25,15.55,2.3,15.7,15.25
20160818,15.7,15.15,-2.57,16.15,14.8
20160819,14.95,15,-0.99,15.35,14.7
20160822,15.1,15.25,1.67,15.3,15.05
20160823,15.4,15.5,1.64,15.65,15.3
20160824,15.8,15.75,1.61,16,15.55
20160825,15.9,15.7,-0.32,15.9,15.7
20160826,15.8,15.45,-1.59,15.8,15.4
20160829,15.45,15.5,0.32,15.6,15.4
20160830,15.65,15.2,-1.94,15.7,15.15
20160831,15.35,15.1,-0.66,15.45,14.95
20160901,15.1,15.35,1.66,15.6,14.95
20160902,15.65,15.5,0.98,15.75,15.3
20160905,15.7,15.4,-0.65,15.85,15.4
20160906,15.8,16.45,6.82,16.5,15.55
20160907,16.65,16.7,1.52,16.85,16.4
20160908,16.85,16.85,0.9,16.95,16.6
20160909,16.8,16.55,-1.78,16.8,16.4
20160912,16.3,16.65,0.6,16.65,16.2
20160913,16.65,16.5,-0.9,16.8,16.4
20160914,16.7,16.95,2.73,17.1,16.65
20160915,17,17.9,5.6,17.9,16.95
20160916,17.6,18.15,1.4,18.2,17.5
20160919,18.5,18.55,2.2,19.1,18.45
20160920,18.75,18.6,0.27,18.75,18.3
20160921,18.6,18.85,1.34,18.85,18.3
20160922,19.1,19.7,4.51,19.7,19
20160923,19.5,19.45,-1.27,19.55,19.15
20160926,19.4,19.05,-2.06,19.4,18.9
20160927,19.05,18.6,-2.36,19.1,18.5
20160928,18.75,18.9,1.61,19.2,18.6
20160929,19,19.65,3.97,19.75,19
20160930,19.75,19.3,-1.78,19.75,19.25
20161003,19.25,19.6,1.55,19.7,19.25
20161004,19.65,19.25,-1.79,19.7,19.1
20161005,19.5,19.4,0.78,19.7,19.2
20161006,19.4,19.2,-1.03,19.65,19.1
20161007,19.25,19.25,0.26,19.7,19.15
20161011,19.7,19.8,2.86,19.8,19.35
20161012,19.85,19.6,-1.01,19.85,19.55
20161013,19.65,19.5,-0.51,19.65,19.4
20161014,19.6,19.6,0.51,19.8,19.55
20161017,19.6,20,2.04,20,19.6
20161018,20,20,0,20.15,19.9
20161019,20.4,20.8,4,21.1,20.35
20161020,21,20.85,0.24,21,20.55
20161021,20.7,21.1,1.2,21.1,20.6
20161024,21.7,21,-0.47,21.7,20.8
20161025,21.1,20.9,-0.48,21.3,20.8
20161026,20.9,20.4,-2.39,20.9,20.35
20161027,20.4,20.45,0.25,20.7,20.3
20161028,20.5,20.75,1.47,20.75,20.25
20161031,20.9,20.55,-0.96,20.9,20.35
20161101,20.7,20.4,-0.73,20.7,20
20161102,20.15,20.15,-1.23,20.2,19.8
20161103,20.3,20.1,-0.25,20.45,20
20161104,20.15,20.2,0.5,20.2,19.95
20161107,20.8,20.7,2.48,20.8,20.35
20161108,20.8,20.55,-0.72,20.8,20.5
20161109,19.65,20.65,0.49,20.85,19.65
20161110,21,20.05,-2.91,21.1,19.75
20161111,19.85,19.65,-2,19.85,19.25
20161114,19.65,19.9,1.27,20,19
20161115,20.3,20.75,4.27,20.8,20
20161116,21,20.95,0.96,21,20.5
20161117,21,21,0.24,21.4,20.8
20161118,21,20.7,-1.43,21.1,20.65
20161121,20.65,21.5,3.86,21.6,20.6
20161122,21.5,23,6.98,23,21.5
20161123,23,22.65,-1.52,23.2,22.6
20161124,22.8,22.2,-1.99,23,22.1
20161125,22.2,22.1,-0.45,22.65,22
20161129,22.45,21.8,-1.36,22.5,21.6
20161130,22.1,22.25,2.06,22.5,21.85
20161201,22.5,22,-1.12,22.65,21.75
20161202,22,22.2,0.91,22.45,21.7
20161205,22.25,22.25,0.23,22.4,21.9
20161206,22.25,22.8,2.47,22.9,21.9
20161207,23,22.8,0,23,22.4
20161212,22.75,22.25,-2.41,22.75,22
20161213,22.5,22.7,2.02,22.8,22.25
20161214,22.7,22.05,-2.86,22.8,22
20161215,22,22.2,0.68,22.35,21.7
20161216,22,22.05,-0.68,22.25,22
20161219,22.25,21.55,-2.27,22.3,21.5
20161220,21.5,21.1,-2.09,21.6,20.55
20161221,21.1,21.65,2.61,21.75,20.5
20161222,21.7,21.35,-1.39,22,21.1
20161223,21.35,20.95,-1.87,21.35,20
20161226,20.95,20.3,-3.1,21,19.85
20161227,20.2,20.6,1.48,20.9,19.7
20161228,20.9,20.75,0.73,21.15,20.5
20161229,20.75,22,6.02,22.1,20.75
20170102,22.15,23.2,5.45,23.4,22.15
20170103,23.35,23.15,-0.22,23.8,23
20170104,23.2,23.35,0.86,23.75,23.2
20170105,23.55,23,-1.5,23.8,22.8
20170106,23.2,23.5,2.17,23.6,23
20170109,24,23.7,0.85,24,23.65
20170110,24.45,24.85,4.85,24.95,24
20170111,25.05,25.3,1.81,25.45,25
20170112,25.8,25.1,-0.79,25.95,25
20170113,25.15,26,3.59,26,25.15
20170116,26,26.35,1.35,26.4,25.85
20170117,26.5,26.7,1.33,26.9,26.05
20170118,27.2,27.35,2.43,27.75,26.85
20170119,27.4,27,-1.28,27.7,26.75
20170120,26.55,27.7,2.59,27.75,26.5
20170123,27.7,28.8,3.97,28.8,27.7
20170124,28.8,28.55,-0.87,29.6,28.35
20170125,28.5,28.4,-0.53,28.8,27.8
20170126,28.85,28.85,1.58,29,28.5
20170127,28.8,28.85,0,28.9,28.4
20170130,28.8,28.9,0.17,29,28.5
20170131,28.95,29.5,2.08,29.5,28.85
20170201,29.6,30.25,2.54,30.25,29.6
20170202,30.3,30.95,2.31,31,30
20170203,31,29.45,-4.85,31.5,29.15
20170206,29.45,29.95,1.7,30.3,29.45
20170207,30.45,30.1,0.5,30.45,29.95
20170208,29.8,28.85,-4.15,30,28.7
20170209,28.85,28.7,-0.52,29.15,28.65
20170210,28.6,29.15,1.57,29.5,28.6
20170213,29.5,28.8,-1.2,29.95,28.75
20170214,29.1,29.2,1.39,29.2,28.8
20170215,29.3,29.3,0.34,29.35,28.75
20170216,29.6,29,-1.02,29.6,28.5
20170217,29.2,29.4,1.38,29.9,28.85
20170220,29.65,30.5,3.74,30.6,29.4
20170221,30.8,30.45,-0.16,30.8,30.1
20170222,30.45,29.95,-1.64,30.5,29.85
20170223,30.2,28.9,-3.51,30.3,28.6
20170224,29,28.5,-1.38,29.3,27.7
20170301,28.75,29.1,2.11,29.2,28.75
20170302,29.3,28.5,-2.06,29.6,28.5
20170303,28.25,29.1,2.11,29.2,28.25
20170306,29.1,29.2,0.34,29.45,28.8
20170307,29.2,29.2,0,29.9,29.1
20170308,29.15,29.45,0.86,29.45,29.1
20170309,29.45,28.75,-2.38,29.5,28.7
20170310,28.75,28.75,0,29.15,28.3
20170313,28.8,29.1,1.22,29.1,28.7
20170314,29.05,29.4,1.03,29.4,28.9
20170315,29.5,29.8,1.36,29.8,28.9
20170316,30,30.55,2.52,30.6,30
20170317,30.75,30.4,-0.49,30.75,30.25
20170320,30.65,31.5,3.62,31.5,30.5
20170321,32,30.9,-1.9,32,30.6
20170322,31,31.05,0.49,31.2,30.7
20170323,31.05,31.3,0.81,31.3,30.65
20170327,32.15,32.2,2.88,32.65,32.15
20170328,32.2,33.05,2.64,33.15,32.2
20170329,33.05,33.7,1.97,34,33.05
20170330,33.7,34,0.89,34,33.05
20170331,34,33.7,-0.88,34,33.5
20170403,33.75,33,-2.08,33.75,32.85
20170404,33,33.7,2.12,33.95,33
20170405,33.6,33.7,0,34.25,33.2
20170406,33.8,34.85,3.41,34.95,33.8
20170407,34.9,34.55,-0.86,35,34.35
20170410,34.8,36,4.2,36,34.6
20170411,36.4,36,0,36.9,35.8
20170412,35.9,35.75,-0.69,35.9,35
20170417,35.85,35.7,-0.14,36.35,35.7
20170418,35.75,35.65,-0.14,36.5,35
20170419,35.45,35.15,-1.4,35.45,34.8
20170420,35.4,35.75,1.71,36,34.9
20170421,35.8,36.1,0.98,36.15,35.5
20170424,36.2,36.45,0.97,36.5,36
20170425,36.9,36,-1.23,36.9,35.4
20170426,35.75,35.05,-2.64,35.75,34.9
20170427,34.7,34.15,-2.57,34.7,33.4
20170428,34.25,34,-0.44,34.25,33.75
20170502,34.5,35.2,3.53,35.25,33.7
20170503,35.2,35.6,1.14,35.7,35
20170504,35.85,35.55,-0.14,35.85,35.5
20170505,35.95,35.6,0.14,35.95,35.3
20170508,35.05,35.8,0.56,36,35
20170509,35.8,35.85,0.14,36,35.6
20170510,35.95,36.75,2.51,36.75,35.95
20170511,36.9,36.9,0.41,36.9,36.2
20170512,38,37.1,0.54,38,36.7
20170515,36.7,36.7,-1.08,36.9,36.45
20170516,36.5,37.4,1.91,37.55,36.5
20170517,37.4,37.1,-0.8,37.4,37
20170518,35.9,36.5,-1.62,36.9,35.5
20170519,36.35,38.2,4.66,38.35,36.35
20170522,38,38.5,0.79,38.5,37.8
20170523,38.6,38.3,-0.52,38.75,38
20170524,38.3,38.8,1.31,38.8,38.1
20170526,40,40.75,5.03,41,39.15
20170529,40.8,41.25,1.23,42.1,40.8
20170530,41.25,40.65,-1.45,41.25,40.4
20170531,41.85,40.65,0,41.85,40.4
20170601,41,41.75,2.71,41.95,40.7
20170602,42,41.3,-1.08,42,41.25
20170605,41.55,40.9,-0.97,41.55,40.8
20170606,37.4,40.4,-1.22,40.9,37.4
20170607,40.5,40.15,-0.62,40.9,40.1
20170608,40.5,40.35,0.5,41,40
20170609,40.8,40.5,0.37,40.8,40
20170612,40.45,39.45,-2.59,40.45,39
20170613,39,39.7,0.63,40,39
20170614,39.7,40,0.76,40.2,39.7
20170615,39.85,39.6,-1,39.85,39.4
20170616,39.7,40.6,2.53,40.6,39.65
20170619,41.25,41.9,3.2,42.3,41.25
20170621,38.95,38.4,-8.35,39.1,37.9
20170622,38.3,38.8,1.04,39.15,38.3
20170623,39,38.4,-1.03,39.05,37.7
20170626,38.75,38.7,0.78,39.2,38.2
20170627,38.8,38.4,-0.78,39.5,38.15
20170628,39,38.75,0.91,39,38.6
20170629,39.5,38.9,0.39,39.5,38.6
20170630,39.2,39.4,1.29,39.5,39
20170703,39.4,40,1.52,41.25,39
20170704,40,39.9,-0.25,41,39.9
20170705,40,40.05,0.38,40.5,39.3
20170706,40.15,40.25,0.5,40.85,39.7
20170707,40.2,40.15,-0.25,40.7,39.9
20170710,40.15,38.9,-3.11,40.15,38.5
20170711,39,38.75,-0.39,39,38.5
20170712,38.8,38.3,-1.16,39.15,38
20170713,38.35,37.1,-3.13,38.35,36.6
20170714,37.1,37.05,-0.13,37.55,36.55
20170717,36.8,35.7,-3.64,36.8,35.5
20170718,35.15,36,0.84,36.1,35
20170719,36.3,36.7,1.94,36.8,36.1
20170720,37,37.7,2.72,37.8,36.7
20170721,38.15,38.85,3.05,39.15,38.15
20170724,38.85,38.6,-0.64,39.1,38
20170725,38.55,38.15,-1.17,38.55,37
20170726,38.2,37.9,-0.66,38.5,37.8
20170727,37.45,38,0.26,38.1,37.45
20170728,38,39.1,2.89,39.15,38
20170731,38.95,38.5,-1.53,39.2,38.05
20170801,38.6,38.7,0.52,39.2,38.6
20170802,38.9,39.4,1.81,39.4,38.75
20170803,39.25,39.8,1.02,39.85,39.25
20170804,39.8,40.05,0.63,40.1,39.75
20170807,40,39.4,-1.62,40.15,38
20170808,39.5,38.5,-2.28,39.55,38.1
20170809,38.3,37.5,-2.6,38.3,37
20170810,37.35,37.85,0.93,38,37.3
20170811,37.75,39.25,3.7,39.4,37.75
20170814,41.3,42.5,8.28,42.5,40.5
20170815,42.5,42.6,0.24,42.8,41.1
20170816,42.6,43.15,1.29,43.3,42.5
20170817,43.15,41.9,-2.9,43.15,41.6
20170818,42.95,41.5,-0.95,42.95,41.4
20170822,41.2,40.55,-2.29,41.2,40.1
20170823,40.6,41.2,1.6,41.7,40.4
20170824,41.85,43.05,4.49,43.2,41.8
20170825,43.1,42.6,-1.05,43.45,42.5
20170828,42.9,43.35,1.76,43.4,42.6
20170829,43.35,42.85,-1.15,43.35,40.65
20170830,43,42.7,-0.35,43.4,42.7
20170831,42.7,42.7,0,43.1,42.5
20170901,42.7,43,0.7,43.2,42.3
20170904,42,43.3,0.7,43.3,42
20170905,43.3,43.55,0.58,43.55,42.75
20170906,43.7,42.8,-1.72,43.7,42.5
20170907,42.95,43.1,0.7,43.2,42.6
20170908,43.05,42.8,-0.7,43.2,42
20170911,42.8,42.7,-0.23,43.05,42.7
20170912,42.8,41.8,-2.11,42.8,41.45
20170913,41.7,41.6,-0.48,42,41.5
20170914,41.6,41.5,-0.24,41.9,41
20170915,41.5,41.4,-0.24,41.7,41
20170918,41.4,41.8,0.97,42.1,40.8
20170919,42.1,41.7,-0.24,42.5,41.6
20170920,41.7,41.7,0,41.85,41.4
20170921,41.7,42.6,2.16,42.6,41.55
20170922,42.55,43.15,1.29,43.25,42.5
20170925,43.5,42.85,-0.7,43.5,42.8
20170926,43,43.2,0.82,44,42.7
20170927,43.3,43.2,0,43.6,42.55
20170928,43.4,43.5,0.69,44,43.2
20170929,44,45.25,4.02,45.5,44
20171002,45.95,46.2,2.1,46.3,45.3
20171003,46.2,46,-0.43,46.8,45.9
20171004,45.8,45.45,-1.2,45.8,45.1
20171005,45.65,46.55,2.42,46.9,45.65
20171006,46,47.2,1.4,47.2,46
20171009,47,47.05,-0.32,47.6,47
20171010,47.5,46.75,-0.64,47.5,46.6
20171011,47.15,47,0.53,47.75,46.3
20171012,47.35,47.45,0.96,47.65,46.7
20171013,47.4,46.85,-1.26,47.4,46.75
20171017,45.95,44.6,-4.8,45.95,44.5
20171018,44.8,44.1,-1.12,44.8,43.6
20171019,44.1,45,2.04,45,44.1
20171020,45.5,46.5,3.33,46.75,45.2
20171023,47.7,48.7,4.73,48.8,47.15
20171024,49,49.6,1.85,49.6,48.6
20171025,49.4,48.75,-1.71,49.4,47.1
20171026,48.75,48.5,-0.51,48.95,47.8
20171027,48.5,47.35,-2.37,48.9,47
20171030,47,47,-0.74,47.25,45.5
20171031,47,48,2.13,48.55,46.95
20171101,48.6,48.25,0.52,49.5,48
20171102,48.8,48.6,0.73,49,48
20171103,48.5,47.4,-2.47,48.5,47
20171107,47.45,47.2,-0.42,48.2,47
20171108,47.15,46.5,-1.48,47.6,46
20171109,46.5,46.65,0.32,47.2,46.45
20171110,46.7,45.4,-2.68,47.2,45.2
20171113,45.2,44,-3.08,45.2,42.5
20171114,44,42.25,-3.98,44.25,41
20171115,42.1,43.5,2.96,44.2,41.15
20171116,45.4,45.5,4.6,45.9,44.2
20171117,45.55,45.4,-0.22,46,44.55
20171121,45.4,45.25,-0.33,45.55,44.45
20171122,45.5,46.7,3.2,47.9,45.3
20171123,47,46.85,0.32,47.7,46.2
20171124,46.85,46.5,-0.75,47.5,46.35
20171127,46.05,45.3,-2.58,46.8,45.3
20171128,45.5,45,-0.66,46.4,44.9
20171129,44.75,44.9,-0.22,45.2,44.2
20171130,45,44.3,-1.34,46,44
20171201,44.2,44,-0.68,44.9,43.75
20171204,44.1,43.2,-1.82,44.7,42.85
20171205,43.3,42.75,-1.04,43.75,42.6
20171206,42.75,43.75,2.34,44.15,42.15
20171207,44,44.35,1.37,44.5,43.8
20171211,44.35,44.2,-0.34,45.15,44
20171212,44.35,44.75,1.24,45.3,43.85
20171213,44.9,44.4,-0.78,45.25,43.75
20171214,44.4,44.5,0.23,45.3,43.2
20171215,44.5,44.75,0.56,45.25,44.25
20171218,44.7,44.55,-0.45,45.3,44.1
20171219,44.4,46.6,4.6,47.1,44.4
20171220,46.6,46.8,0.43,47.3,46.5
20171221,47.5,48.45,3.53,48.5,47.1
20171222,48.2,48.8,0.72,49.3,48.2
20171226,49.1,49.1,0.61,49.35,48.8
20171227,49.1,49.2,0.2,49.95,49
20171228,49.3,50.25,2.13,51.25,49.15
20171229,50.2,49.85,-0.8,50.9,48.8
20180102,50,51.2,2.71,51.6,49.95
20180103,51.2,51.7,0.98,51.85,50.5
20180104,51.85,52,0.58,52.2,51
20180105,52,52.4,0.77,52.5,51.3
20180108,52.3,53.4,1.91,53.5,51.7
20180109,53.45,52.9,-0.94,54.15,52.85
20180110,52.9,51.7,-2.27,52.9,51.5
20180111,51.5,52.5,1.55,53,51.05
20180112,52.7,53.95,2.76,54.2,52.7
20180115,53.95,55.95,3.71,56.15,53.7
20180116,56,54.9,-1.88,56,54.05
20180117,54.95,54.25,-1.18,55.85,54