fecha,ultima,apertura,maximo,minimo
20050111,1.33,1.33,1.33,1.33
20050117,1.32,1.32,1.32,1.32
20050118,1.3,1.3,1.3,1.3
20050119,1.3,1.29,1.3,1.29
20050204,1.35,1.31,1.35,1.31
20050207,1.4,1.4,1.4,1.4
20050208,1.43,1.4,1.43,1.4
20050209,1.48,1.48,1.48,1.48
20050210,1.45,1.45,1.45,1.45
20050215,1.43,1.43,1.43,1.43
20050223,1.42,1.42,1.42,1.42
20050224,1.4,1.4,1.4,1.4
20050225,1.45,1.45,1.45,1.45
20050228,1.42,1.45,1.45,1.42
20050301,1.4,1.4,1.4,1.4
20050304,1.38,1.38,1.38,1.38
20050308,1.43,1.43,1.43,1.43
20050309,1.43,1.43,1.43,1.43
20050310,1.4,1.4,1.4,1.4
20050404,1.26,1.26,1.26,1.26
20050421,1.18,1.26,1.26,1.18
20050428,1.07,1.07,1.07,1.07
20050429,1.1,1.1,1.1,1.1
20050504,1.1,1.1,1.1,1.1
20050505,1.1,1.1,1.1,1.1
20050509,1.13,1.07,1.13,1.05
20050511,1.13,1.07,1.13,1.07
20050512,1.15,1.15,1.17,1.12
20050516,1.15,1.15,1.15,1.15
20050517,1.15,1.15,1.15,1.15
20050518,1.14,1.14,1.14,1.14
20050520,1.14,1.14,1.14,1.14
20050523,1.16,1.16,1.16,1.16
20050524,1.16,1.16,1.16,1.16
20050527,1.16,1.16,1.16,1.16
20050602,1.2,1.16,1.2,1.14
20050607,1.16,1.16,1.16,1.15
20050609,1.1,1.1,1.1,1.1
20050613,1.1,1.1,1.1,1.1
20050617,1.07,1.08,1.08,1.07
20050621,1.06,1.06,1.06,1.06
20050622,1.03,1.05,1.05,1.03
20050623,1.02,1.02,1.02,1.01
20050624,1.04,1.0,1.04,1.0
20050627,0.98,1.0,1.0,0.98
20050628,0.98,0.98,0.98,0.98
20050629,0.98,0.98,0.98,0.98
20050630,0.95,0.93,0.95,0.93
20050701,0.96,0.96,0.96,0.96
20050704,0.92,0.92,0.92,0.92
20050705,0.88,0.88,0.89,0.88
20050706,0.88,0.85,0.88,0.85
20050707,0.94,0.88,0.95,0.88
20050708,0.98,0.98,0.98,0.97
20050711,0.97,0.98,0.98,0.97
20050712,0.96,0.96,0.97,0.96
20050713,0.97,0.97,0.97,0.95
20050714,0.97,0.97,0.97,0.96
20050718,0.905,0.96,0.96,0.905
20050719,0.92,0.84,0.92,0.84
20050720,0.92,0.85,0.92,0.85
20050721,0.94,0.9,0.95,0.9
20050722,0.93,0.9,0.93,0.9
20050725,0.93,0.93,0.93,0.93
20050726,0.96,0.95,0.97,0.93
20050727,0.97,0.98,0.99,0.96
20050728,1.01,0.98,1.01,0.98
20050729,1.02,1.02,1.07,1.01
20050801,1.09,1.03,1.1,1.03
20050802,1.11,1.09,1.12,1.09
20050803,1.1,1.15,1.15,1.09
20050804,1.1,1.1,1.1,1.08
20050805,1.09,1.1,1.1,1.08
20050808,1.08,1.08,1.09,1.06
20050809,1.07,1.1,1.1,1.05
20050810,1.07,1.07,1.07,1.07
20050811,1.06,1.07,1.07,1.06
20050812,1.05,1.05,1.07,1.03
20050816,1.05,1.05,1.07,1.05
20050817,1.08,1.08,1.08,1.08
20050818,1.06,1.09,1.09,1.06
20050819,1.1,1.08,1.1,1.08
20050822,1.14,1.15,1.15,1.1
20050823,1.1,1.1,1.1,1.1
20050824,1.1,1.1,1.1,1.1
20050825,1.15,1.1,1.17,1.1
20050826,1.14,1.11,1.14,1.1
20050829,1.19,1.24,1.24,1.16
20050830,1.2,1.2,1.22,1.2
20050831,1.18,1.21,1.21,1.18
20050901,1.2,1.18,1.2,1.18
20050902,1.19,1.19,1.2,1.19
20050905,1.2,1.2,1.2,1.19
20050906,1.19,1.19,1.19,1.19
20050907,1.19,1.17,1.19,1.17
20050908,1.16,1.17,1.17,1.16
20050909,1.15,1.16,1.18,1.15
20050912,1.14,1.15,1.15,1.14
20050914,1.2,1.18,1.2,1.18
20050915,1.21,1.21,1.21,1.21
20050916,1.22,1.21,1.23,1.2
20050919,1.25,1.25,1.26,1.24
20050920,1.21,1.25,1.25,1.21
20050921,1.28,1.22,1.33,1.22
20050922,1.27,1.29,1.29,1.27
20050923,1.29,1.29,1.29,1.29
20050926,1.27,1.29,1.29,1.27
20050927,1.25,1.27,1.27,1.25
20050928,1.26,1.3,1.3,1.26
20050929,1.29,1.28,1.29,1.28
20050930,1.27,1.29,1.29,1.27
20051003,1.27,1.3,1.3,1.25
20051004,1.25,1.27,1.27,1.25
20051005,1.25,1.25,1.25,1.25
20051006,1.25,1.25,1.25,1.25
20051007,1.22,1.23,1.23,1.22
20051011,1.18,1.22,1.22,1.18
20051012,1.19,1.19,1.19,1.19
20051013,1.26,1.18,1.26,1.18
20051014,1.29,1.26,1.3,1.26
20051017,1.3,1.32,1.32,1.3
20051018,1.23,1.3,1.3,1.23
20051019,1.25,1.23,1.25,1.22
20051020,1.28,1.28,1.28,1.28
20051021,1.32,1.28,1.33,1.28
20051024,1.39,1.35,1.4,1.35
20051025,1.4,1.39,1.4,1.39
20051026,1.41,1.38,1.41,1.38
20051027,1.39,1.44,1.44,1.39
20051028,1.37,1.39,1.39,1.37
20051031,1.4,1.4,1.4,1.4
20051102,1.36,1.37,1.37,1.36
20051103,1.37,1.36,1.37,1.36
20051104,1.37,1.38,1.38,1.37
20051107,1.35,1.35,1.35,1.35
20051108,1.33,1.33,1.33,1.33
20051109,1.33,1.32,1.33,1.29
20051110,1.38,1.32,1.38,1.3
20051111,1.39,1.39,1.39,1.36
20051114,1.37,1.39,1.4,1.37
20051115,1.34,1.35,1.35,1.34
20051116,1.36,1.32,1.36,1.32
20051117,1.38,1.39,1.39,1.38
20051121,1.39,1.39,1.39,1.39
20051122,1.38,1.38,1.38,1.38
20051123,1.35,1.38,1.38,1.35
20051124,1.36,1.37,1.37,1.36
20051125,1.36,1.35,1.36,1.35
20051128,1.28,1.29,1.3,1.28
20051129,1.23,1.24,1.24,1.2
20051130,1.23,1.23,1.23,1.23
20051201,1.19,1.25,1.25,1.19
20051202,1.23,1.23,1.23,1.23
20051205,1.2,1.23,1.23,1.2
20051207,1.25,1.25,1.25,1.25
20051212,1.25,1.25,1.25,1.25
20051214,1.2,1.2,1.2,1.2
20051215,1.22,1.2,1.22,1.2
20051216,1.2,1.2,1.2,1.2
20051219,1.18,1.18,1.18,1.18
20051220,1.16,1.16,1.16,1.16
20051221,1.05,1.12,1.12,1.05
20051222,1.05,1.05,1.05,0.95
20051223,1.08,0.95,1.09,0.95
20051226,1.08,1.01,1.08,0.98
20051227,1.02,1.09,1.09,1.0
20051228,1.12,1.0,1.12,1.0
20051229,1.16,1.18,1.2,1.13
20060102,1.15,1.17,1.17,1.13
20060103,1.16,1.12,1.16,1.07
20060104,1.17,1.18,1.18,1.15
20060105,1.14,1.17,1.17,1.12
20060106,1.16,1.14,1.17,1.13
20060109,1.19,1.18,1.19,1.18
20060110,1.2,1.22,1.22,1.19
20060111,1.2,1.2,1.21,1.2
20060112,1.18,1.18,1.2,1.18
20060113,1.18,1.18,1.18,1.18
20060116,1.21,1.17,1.21,1.17
20060117,1.2,1.22,1.22,1.2
20060118,1.17,1.17,1.17,1.17
20060120,1.16,1.15,1.16,1.15
20060123,1.14,1.14,1.14,1.14
20060124,1.12,1.1,1.12,1.1
20060125,1.17,1.14,1.17,1.14
20060126,1.15,1.17,1.17,1.15
20060127,1.13,1.13,1.13,1.13
20060130,1.12,1.14,1.14,1.11
20060131,1.13,1.15,1.15,1.11
20060202,1.08,1.1,1.1,1.08
20060203,1.09,1.09,1.09,1.09
20060206,1.11,1.09,1.12,1.09
20060207,1.1,1.13,1.13,1.1
20060208,1.11,1.08,1.11,1.08
20060209,1.12,1.08,1.12,1.08
20060210,1.11,1.09,1.11,1.09
20060215,1.13,1.12,1.13,1.11
20060216,1.14,1.12,1.14,1.12
20060217,1.12,1.14,1.14,1.12
20060220,1.12,1.14,1.15,1.12
20060221,1.1,1.11,1.11,1.1
20060223,1.1,1.1,1.1,1.1
20060224,1.1,1.12,1.12,1.1
20060227,1.1,1.14,1.14,1.1
20060228,1.11,1.12,1.12,1.1
20060301,1.09,1.08,1.1,1.08
20060302,1.09,1.09,1.09,1.09
20060303,1.09,1.09,1.09,1.09
20060306,1.08,1.08,1.08,1.08
20060307,1.08,1.07,1.08,1.07
20060308,1.07,1.05,1.07,1.05
20060309,1.04,1.04,1.04,1.04
20060310,1.02,1.02,1.02,1.02
20060313,1.02,1.01,1.02,1.01
20060314,1.05,1.05,1.05,1.05
20060315,1.02,1.02,1.02,1.02
20060316,0.98,1.01,1.01,0.95
20060317,1.02,1.02,1.02,1.02
20060321,1.03,1.02,1.03,1.02
20060322,1.0,1.02,1.02,1.0
20060323,1.02,1.02,1.02,1.02
20060327,1.02,1.02,1.02,1.02
20060328,1.02,1.02,1.02,1.02
20060329,1.02,1.02,1.02,1.02
20060330,1.04,1.03,1.06,1.02
20060331,1.02,1.03,1.03,1.02
20060403,1.04,1.04,1.04,1.04
20060404,1.04,1.04,1.04,1.04
20060405,1.01,1.01,1.01,1.0
20060406,1.0,1.01,1.01,1.0
20060407,1.02,1.02,1.02,1.0
20060410,1.01,1.01,1.01,1.01
20060411,1.0,0.99,1.0,0.99
20060412,1.0,1.0,1.0,1.0
20060417,1.0,1.01,1.01,1.0
20060418,0.99,1.0,1.0,0.99
20060419,0.98,0.99,0.99,0.98
20060420,0.98,0.99,0.99,0.98
20060421,0.97,0.99,0.99,0.97
20060424,0.98,0.97,0.98,0.97
20060425,0.98,0.98,0.98,0.98
20060426,0.975,1.0,1.0,0.975
20060502,1.0,0.99,1.0,0.99
20060503,1.0,0.99,1.0,0.99
20060504,1.0,0.99,1.0,0.99
20060505,1.0,0.99,1.0,0.988
20060508,1.0,1.0,1.0,1.0
20060509,1.0,1.0,1.0,1.0
20060510,1.0,1.0,1.0,0.97
20060511,1.0,1.0,1.0,1.0
20060512,0.97,0.97,0.97,0.97
20060516,0.97,0.97,0.97,0.97
20060517,0.92,0.94,0.94,0.92
20060519,0.95,0.95,0.95,0.95
20060522,0.9,0.9,0.9,0.9
20060523,0.95,0.95,0.95,0.95
20060524,0.9,0.9,0.9,0.89
20060526,0.9,0.9,0.9,0.89
20060529,0.88,0.9,0.9,0.88
20060530,0.86,0.86,0.86,0.86
20060531,0.9,0.89,0.9,0.89
20060601,0.9,0.9,0.9,0.9
20060605,0.87,0.865,0.87,0.86
20060606,0.8,0.86,0.86,0.8
20060607,0.82,0.8,0.83,0.8
20060608,0.83,0.8,0.83,0.8
20060609,0.83,0.83,0.83,0.83
20060612,0.81,0.85,0.85,0.81
20060613,0.79,0.8,0.8,0.79
20060614,0.8,0.8,0.8,0.8
20060615,0.82,0.82,0.82,0.82
20060616,0.83,0.82,0.84,0.82
20060620,0.84,0.84,0.84,0.84
20060621,0.86,0.85,0.86,0.85
20060622,0.89,0.87,0.89,0.86
20060623,0.94,0.91,0.94,0.91
20060626,0.9,0.92,0.92,0.9
20060627,0.905,0.92,0.92,0.9
20060628,0.93,0.93,0.93,0.93
20060629,0.93,0.94,0.94,0.93
20060630,0.93,0.94,0.94,0.93
20060704,0.91,0.91,0.91,0.91
20060705,0.9,0.9,0.9,0.9
20060706,0.895,0.895,0.895,0.895
20060710,0.9,0.9,0.91,0.9
20060711,0.9,0.89,0.9,0.89
20060712,0.86,0.88,0.88,0.86
20060713,0.86,0.86,0.87,0.86
20060714,0.86,0.86,0.86,0.86
20060718,0.83,0.83,0.83,0.83
20060720,0.84,0.84,0.84,0.84
20060721,0.86,0.86,0.86,0.86
20060726,0.89,0.86,0.89,0.86
20060727,0.86,0.86,0.86,0.86
20060728,0.86,0.87,0.87,0.86
20060731,0.86,0.86,0.86,0.86
20060802,0.87,0.86,0.87,0.86
20060807,0.875,0.85,0.875,0.85
20060809,0.87,0.87,0.87,0.87
20060810,0.877,0.88,0.88,0.87
20060811,0.88,0.865,0.88,0.86
20060814,0.885,0.87,0.885,0.87
20060815,0.905,0.885,0.905,0.885
20060816,0.9,0.9,0.9,0.9
20060817,0.88,0.9,0.92,0.88
20060818,0.9,0.9,0.9,0.9
20060822,0.9,0.9,0.9,0.9
20060823,0.88,0.89,0.9,0.88
20060824,0.88,0.88,0.88,0.88
20060828,0.86,0.86,0.86,0.86
20060829,0.88,0.86,0.88,0.86
20060830,0.899,0.899,0.899,0.89
20060831,0.9,0.9,0.9,0.9
20060901,0.91,0.9,0.92,0.9
20060904,0.96,0.96,0.96,0.96
20060905,0.95,0.95,0.95,0.95
20060906,0.94,0.93,0.94,0.93
20060907,0.94,0.94,0.94,0.94
20060908,0.94,0.94,0.94,0.94
20060911,0.94,0.94,0.94,0.94
20060913,0.94,0.94,0.94,0.94
20060918,0.92,0.92,0.92,0.92
20060919,0.92,0.93,0.93,0.92
20060920,0.92,0.92,0.92,0.92
20060921,0.96,0.93,0.96,0.93
20060922,0.96,0.96,0.96,0.96
20060925,0.97,0.97,0.97,0.97
20060927,0.96,0.96,0.96,0.96
20060929,0.95,0.95,0.95,0.95
20061004,0.92,0.93,0.93,0.92
20061006,0.92,0.91,0.92,0.91
20061009,0.92,0.92,0.92,0.92
20061010,0.93,0.925,0.93,0.925
20061012,0.93,0.93,0.93,0.93
20061019,0.935,0.93,0.94,0.93
20061020,0.94,0.95,0.95,0.94
20061023,0.94,0.94,0.94,0.94
20061025,0.95,0.95,0.95,0.95
20061026,0.97,0.97,0.97,0.97
20061027,0.97,0.97,0.97,0.97
20061030,0.99,0.99,0.99,0.99
20061031,0.99,0.99,0.99,0.99
20061101,0.98,0.99,0.99,0.98
20061102,0.94,0.96,0.96,0.94
20061103,0.95,0.95,0.95,0.95
20061107,0.94,0.94,0.94,0.94
20061108,1.0,0.95,1.0,0.95
20061109,1.04,0.98,1.04,0.98
20061110,1.07,1.02,1.07,1.02
20061113,1.07,1.08,1.08,1.07
20061114,1.07,1.07,1.07,1.06
20061115,1.09,1.07,1.09,1.07
20061116,1.08,1.09,1.09,1.08
20061117,1.05,1.08,1.08,1.04
20061120,1.06,1.05,1.06,1.05
20061121,1.06,1.06,1.06,1.06
20061122,1.07,1.06,1.07,1.06
20061123,1.06,1.06,1.06,1.05
20061124,1.1,1.08,1.12,1.08
20061127,1.24,1.19,1.3,1.19
20061128,1.24,1.22,1.24,1.22
20061129,1.22,1.24,1.24,1.22
20061130,1.15,1.15,1.15,1.15
20061201,1.2,1.15,1.22,1.15
20061204,1.16,1.2,1.2,1.16
20061205,1.17,1.17,1.17,1.17
20061206,1.19,1.18,1.19,1.18
20061207,1.17,1.2,1.2,1.17
20061211,1.22,1.18,1.24,1.18
20061212,1.22,1.22,1.22,1.22
20061214,1.24,1.22,1.24,1.22
20061215,1.28,1.22,1.28,1.22
20061218,1.29,1.3,1.31,1.28
20061219,1.29,1.29,1.3,1.29
20061220,1.29,1.29,1.3,1.28
20061221,1.28,1.29,1.29,1.28
20061222,1.28,1.28,1.28,1.27
20061226,1.27,1.28,1.28,1.27
20061227,1.28,1.28,1.28,1.27
20061228,1.29,1.28,1.29,1.28
20070102,1.34,1.31,1.34,1.31
20070103,1.3,1.35,1.36,1.3
20070104,1.27,1.27,1.28,1.24
20070105,1.24,1.24,1.24,1.24
20070108,1.24,1.24,1.24,1.23
20070109,1.22,1.23,1.23,1.22
20070110,1.2,1.2,1.2,1.2
20070111,1.22,1.21,1.22,1.21
20070112,1.22,1.2,1.22,1.2
20070115,1.22,1.22,1.22,1.22
20070116,1.24,1.24,1.26,1.24
20070117,1.26,1.23,1.26,1.23
20070118,1.25,1.26,1.26,1.25
20070119,1.25,1.25,1.25,1.25
20070122,1.25,1.25,1.25,1.25
20070123,1.23,1.22,1.23,1.21
20070124,1.25,1.25,1.25,1.25
20070125,1.24,1.24,1.24,1.24
20070126,1.22,1.23,1.23,1.22
20070129,1.22,1.22,1.22,1.22
20070130,1.22,1.22,1.22,1.22
20070131,1.25,1.25,1.25,1.25
20070201,1.23,1.25,1.25,1.23
20070202,1.23,1.25,1.25,1.23
20070205,1.25,1.25,1.25,1.25
20070206,1.25,1.25,1.25,1.25
20070207,1.25,1.25,1.25,1.23
20070208,1.25,1.25,1.25,1.25
20070209,1.28,1.25,1.28,1.25
20070212,1.35,1.28,1.35,1.28
20070213,1.38,1.38,1.4,1.36
20070214,1.38,1.38,1.4,1.38
20070215,1.36,1.39,1.39,1.36
20070219,1.38,1.36,1.38,1.36
20070220,1.38,1.37,1.38,1.37
20070221,1.36,1.36,1.36,1.36
20070222,1.38,1.38,1.39,1.38
20070223,1.35,1.35,1.35,1.35
20070227,1.28,1.27,1.28,1.27
20070228,1.28,1.3,1.3,1.25
20070301,1.25,1.25,1.25,1.25
20070305,1.21,1.21,1.21,1.21
20070306,1.24,1.24,1.24,1.24
20070307,1.2,1.2,1.2,1.2
20070308,1.24,1.24,1.24,1.24
20070312,1.27,1.26,1.27,1.26
20070314,1.23,1.24,1.24,1.23
20070315,1.23,1.23,1.25,1.23
20070320,1.24,1.24,1.24,1.24
20070322,1.24,1.24,1.24,1.24
20070323,1.24,1.24,1.24,1.24
20070326,1.24,1.24,1.24,1.22
20070327,1.23,1.23,1.24,1.23
20070329,1.28,1.28,1.28,1.28
20070330,1.3,1.3,1.3,1.3
20070409,1.29,1.3,1.3,1.29
20070410,1.38,1.3,1.38,1.3
20070411,1.37,1.4,1.4,1.37
20070412,1.37,1.37,1.37,1.37
20070413,1.37,1.36,1.37,1.35
20070416,1.45,1.42,1.45,1.42
20070417,1.44,1.45,1.45,1.44
20070420,1.4,1.43,1.43,1.4
20070423,1.37,1.4,1.4,1.37
20070424,1.4,1.4,1.4,1.4
20070425,1.37,1.37,1.37,1.37
20070426,1.37,1.37,1.37,1.37
20070427,1.44,1.4,1.44,1.4
20070430,1.44,1.45,1.45,1.42
20070502,1.42,1.42,1.43,1.42
20070503,1.44,1.42,1.44,1.42
20070504,1.42,1.42,1.42,1.42
20070507,1.44,1.42,1.44,1.42
20070508,1.37,1.37,1.37,1.37
20070510,1.37,1.37,1.37,1.37
20070511,1.35,1.32,1.35,1.32
20070514,1.35,1.35,1.35,1.35
20070515,1.35,1.35,1.35,1.35
20070516,1.37,1.35,1.37,1.35
20070517,1.33,1.33,1.33,1.33
20070518,1.33,1.33,1.33,1.32
20070521,1.33,1.33,1.33,1.31
20070522,1.33,1.33,1.33,1.33
20070523,1.35,1.33,1.35,1.3
20070528,1.36,1.36,1.36,1.36
20070529,1.39,1.36,1.39,1.36
20070530,1.42,1.4,1.42,1.4
20070531,1.44,1.43,1.44,1.43
20070601,1.48,1.45,1.48,1.45
20070604,1.5,1.49,1.5,1.48
20070605,1.53,1.54,1.54,1.5
20070606,1.52,1.52,1.52,1.52
20070607,1.5,1.53,1.53,1.5
20070608,1.52,1.5,1.52,1.47
20070612,1.49,1.52,1.52,1.49
20070613,1.49,1.48,1.49,1.48
20070614,1.5,1.5,1.5,1.5
20070615,1.54,1.5,1.54,1.5
20070619,1.52,1.52,1.52,1.52
20070620,1.52,1.5,1.52,1.5
20070621,1.5,1.5,1.5,1.5
20070622,1.6,1.54,1.6,1.54
20070625,1.67,1.62,1.68,1.62
20070626,1.68,1.67,1.68,1.67
20070628,1.7,1.7,1.7,1.7
20070629,1.63,1.65,1.65,1.63
20070702,1.62,1.62,1.62,1.62
20070703,1.65,1.66,1.66,1.65
20070704,1.75,1.66,1.75,1.66
20070705,1.73,1.78,1.8,1.73
20070706,1.73,1.73,1.73,1.7
20070710,1.8,1.73,1.8,1.73
20070711,1.75,1.8,1.8,1.73
20070712,1.73,1.73,1.75,1.73
20070713,1.77,1.76,1.77,1.76
20070716,1.74,1.78,1.78,1.74
20070718,1.71,1.71,1.71,1.71
20070719,1.75,1.7,1.75,1.7
20070720,1.73,1.72,1.75,1.72
20070723,1.77,1.74,1.8,1.74
20070724,1.76,1.78,1.79,1.76
20070725,1.76,1.73,1.76,1.73
20070726,1.7,1.71,1.71,1.7
20070727,1.72,1.7,1.72,1.7
20070730,1.73,1.75,1.75,1.73
20070731,1.71,1.75,1.75,1.71
20070801,1.66,1.67,1.67,1.65
20070802,1.67,1.68,1.68,1.67
20070803,1.65,1.7,1.7,1.65
20070807,1.68,1.66,1.68,1.66
20070808,1.72,1.7,1.72,1.7
20070809,1.7,1.7,1.7,1.7
20070810,1.63,1.63,1.63,1.63
20070813,1.63,1.63,1.63,1.63
20070814,1.54,1.6,1.6,1.54
20070815,1.48,1.53,1.53,1.48
20070816,1.34,1.39,1.39,1.34
20070821,1.4,1.4,1.4,1.4
20070822,1.48,1.47,1.48,1.47
20070823,1.5,1.48,1.5,1.48
20070824,1.58,1.55,1.58,1.55
20070827,1.55,1.54,1.55,1.54
20070828,1.58,1.55,1.6,1.55
20070829,1.64,1.6,1.64,1.6
20070830,1.64,1.64,1.64,1.64
20070831,1.7,1.64,1.7,1.64
20070904,1.65,1.65,1.65,1.65
20070905,1.6,1.6,1.6,1.6
20070907,1.6,1.6,1.6,1.6
20070911,1.65,1.65,1.65,1.65
20070914,1.73,1.65,1.73,1.65
20070917,1.7,1.72,1.72,1.7
20070918,1.7,1.7,1.7,1.7
20070919,1.7,1.67,1.7,1.67
20070920,1.68,1.68,1.68,1.68
20070924,1.72,1.68,1.72,1.68
20070925,1.71,1.73,1.73,1.71
20070926,1.76,1.76,1.76,1.76
20070927,1.82,1.76,1.82,1.76
20070928,1.78,1.78,1.78,1.78
20071002,1.83,1.8,1.83,1.8
20071003,1.78,1.83,1.83,1.78
20071004,1.69,1.69,1.69,1.69
20071005,1.72,1.72,1.72,1.72
20071008,1.7,1.7,1.7,1.7
20071009,1.72,1.7,1.72,1.7
20071010,1.7,1.7,1.7,1.7
20071011,1.71,1.71,1.71,1.71
20071012,1.7,1.7,1.7,1.7
20071016,1.65,1.65,1.65,1.65
20071017,1.65,1.65,1.65,1.65
20071019,1.69,1.69,1.69,1.69
20071022,1.66,1.66,1.66,1.66
20071023,1.75,1.7,1.75,1.7
20071024,1.78,1.8,1.8,1.78
20071025,1.85,1.8,1.85,1.8
20071026,1.85,1.85,1.86,1.85
20071029,1.89,1.88,1.91,1.88
20071030,1.9,1.89,1.9,1.89
20071031,1.85,1.85,1.85,1.85
20071101,1.86,1.86,1.86,1.85
20071102,1.89,1.89,1.89,1.89
20071105,1.9,1.9,1.9,1.9
20071107,1.95,1.95,1.97,1.95
20071108,1.96,1.95,1.96,1.93
20071109,2.0,1.98,2.0,1.98
20071112,2.0,2.0,2.0,2.0
20071113,2.04,2.02,2.04,2.02
20071114,2.0,2.0,2.0,2.0
20071115,2.02,2.0,2.02,2.0
20071116,2.0,2.0,2.0,2.0
20071119,2.02,2.05,2.05,2.01
20071120,2.05,2.05,2.05,2.04
20071121,2.05,2.05,2.05,2.02
20071122,2.06,2.07,2.07,2.06
20071123,2.09,2.08,2.09,2.08
20071126,2.08,2.08,2.08,2.08
20071127,2.02,2.02,2.05,2.02
20071128,2.05,2.05,2.05,2.05
20071130,2.06,2.06,2.06,2.06
20071203,2.09,2.06,2.09,2.06
20071204,2.09,2.09,2.09,2.09
20071205,2.12,2.12,2.12,2.12
20071207,2.09,2.12,2.12,2.09
20071210,2.09,2.09,2.09,2.09
20071211,2.08,2.09,2.09,2.05
20071212,2.05,2.05,2.05,2.05
20071213,2.01,2.01,2.01,2.01
20071220,2.03,2.03,2.08,2.03
20080108,1.96,1.96,1.96,1.96
20080109,1.93,1.93,1.93,1.93
20080115,1.8,1.86,1.86,1.8
20080117,1.78,1.78,1.78,1.78
20080118,1.82,1.8,1.82,1.8
20080122,1.85,1.8,1.85,1.8
20080123,1.81,1.81,1.81,1.81
20080124,1.83,1.85,1.85,1.83
20080128,1.8,1.8,1.8,1.8
20080129,1.75,1.75,1.75,1.75
20080201,1.7,1.75,1.75,1.7
20080204,1.8,1.74,1.8,1.74
20080205,1.75,1.75,1.75,1.75
20080208,1.75,1.75,1.75,1.75
20080213,1.8,1.75,1.8,1.75
20080214,1.8,1.78,1.8,1.78
20080215,1.75,1.75,1.75,1.75
20080218,1.78,1.78,1.78,1.78
20080219,1.8,1.8,1.8,1.8
20080220,1.8,1.8,1.8,1.8
20080221,1.78,1.78,1.78,1.78
20080225,1.78,1.78,1.78,1.78
20080226,1.78,1.78,1.78,1.78
20080227,1.8,1.8,1.8,1.8
20080229,1.8,1.8,1.8,1.8
20080303,1.82,1.8,1.82,1.8
20080305,1.82,1.8,1.82,1.8
20080306,1.82,1.8,1.82,1.8
20080307,1.8,1.8,1.8,1.8
20080311,1.8,1.8,1.8,1.8
20080317,1.75,1.75,1.75,1.75
20080318,1.7,1.7,1.7,1.7
20080326,1.75,1.75,1.75,1.75
20080403,1.69,1.69,1.69,1.69
20080404,1.7,1.7,1.7,1.7
20080411,1.65,1.65,1.65,1.65
20080414,1.62,1.62,1.62,1.62
20080415,1.6,1.57,1.6,1.5
20080416,1.65,1.65,1.65,1.65
20080417,1.65,1.65,1.65,1.65
20080418,1.65,1.65,1.65,1.65
20080422,1.6,1.6,1.6,1.6
20080423,1.6,1.6,1.6,1.6
20080424,1.62,1.62,1.62,1.62
20080430,1.62,1.62,1.62,1.6
20080505,1.62,1.62,1.62,1.62
20080515,1.65,1.65,1.65,1.65
20080521,1.67,1.67,1.67,1.67
20080522,1.7,1.76,1.76,1.7
20080523,1.7,1.71,1.71,1.7
20080527,1.7,1.7,1.7,1.7
20080528,1.65,1.65,1.65,1.65
20080529,1.68,1.65,1.68,1.65
20080530,1.69,1.69,1.69,1.69
20080602,1.69,1.69,1.69,1.69
20080606,1.69,1.69,1.69,1.69
20080609,1.68,1.68,1.68,1.68
20080610,1.67,1.67,1.67,1.67
20080611,1.65,1.65,1.65,1.65
20080618,1.6,1.6,1.6,1.6
20080623,1.6,1.6,1.6,1.6
20080624,1.5,1.56,1.56,1.5
20080626,1.48,1.5,1.5,1.48
20080630,1.48,1.48,1.48,1.48
20080702,1.43,1.4,1.43,1.4
20080707,1.4,1.4,1.4,1.4
20080714,1.4,1.4,1.4,1.4
20080717,1.35,1.35,1.38,1.35
20080721,1.47,1.4,1.47,1.4
20080728,1.55,1.5,1.55,1.5
20080729,1.52,1.52,1.52,1.52
20080731,1.52,1.52,1.52,1.52
20080801,1.53,1.55,1.55,1.53
20080805,1.55,1.55,1.55,1.55
20080807,1.55,1.58,1.58,1.55
20080808,1.55,1.55,1.55,1.55
20080811,1.5,1.5,1.5,1.5
20080813,1.45,1.45,1.45,1.45
20080819,1.41,1.41,1.41,1.41
20080902,1.42,1.42,1.42,1.42
20080908,1.47,1.44,1.47,1.44
20080923,1.54,1.54,1.54,1.54
20080924,1.52,1.55,1.55,1.52
20081006,1.39,1.39,1.39,1.39
20081014,1.44,1.45,1.45,1.44
20081031,1.34,1.34,1.34,1.34
20081103,1.3,1.28,1.3,1.28
20081127,1.17,1.17,1.17,1.17
20081203,1.15,1.15,1.15,1.15
20081212,1.05,1.05,1.05,1.05
20081215,1.05,1.05,1.05,1.05
20090106,1.05,1.05,1.05,1.05
20090114,0.97,0.96,0.97,0.96
20090115,1.0,1.0,1.0,1.0
20090120,1.0,1.0,1.0,1.0
20090130,0.91,0.91,0.91,0.91
20090202,0.89,0.89,0.89,0.89
20090204,0.92,0.91,0.92,0.91
20090205,0.89,0.89,0.89,0.89
20090206,0.9,0.91,0.91,0.9
20090209,0.88,0.88,0.88,0.88
20090210,0.88,0.88,0.88,0.88
20090213,0.9,0.9,0.9,0.9
20090220,0.86,0.86,0.86,0.86
20090303,0.89,0.89,0.89,0.89
20090304,0.89,0.89,0.89,0.89
20090309,0.83,0.83,0.83,0.83
20090316,0.83,0.83,0.83,0.83
20090319,0.86,0.86,0.86,0.86
20090323,0.91,0.91,0.91,0.91
20090407,0.92,0.91,0.92,0.91
20090408,0.99,0.99,0.99,0.99
20090413,1.02,1.02,1.02,1.02
20090415,1.02,1.02,1.02,1.02
20090416,1.07,1.05,1.07,1.05
20090417,1.08,1.07,1.08,1.07
20090421,1.06,1.06,1.06,1.06
20090422,1.06,1.07,1.07,1.06
20090423,1.05,1.05,1.05,1.05
20090505,1.1,1.1,1.1,1.1
20090507,1.18,1.18,1.18,1.18
20090508,1.2,1.2,1.2,1.2
20090511,1.15,1.15,1.15,1.15
20090512,1.19,1.18,1.19,1.18
20090513,1.17,1.17,1.17,1.17
20090515,1.05,1.01,1.05,1.01
20090519,1.12,1.12,1.12,1.12
20090526,1.12,1.11,1.12,1.11
20090528,1.1,1.1,1.1,1.1
20090608,1.13,1.13,1.13,1.13
20090609,1.21,1.17,1.21,1.17
20090611,1.19,1.21,1.21,1.19
20090612,1.21,1.21,1.21,1.21
20090616,1.23,1.2,1.23,1.2
20090619,1.23,1.2,1.23,1.2
20090626,1.22,1.22,1.22,1.22
20090630,1.21,1.2,1.21,1.2
20090701,1.28,1.24,1.28,1.24
20090702,1.32,1.28,1.32,1.28
20090703,1.38,1.32,1.4,1.32
20090722,1.32,1.3,1.32,1.3
20090723,1.32,1.31,1.32,1.31
20090724,1.3,1.3,1.3,1.3
20090731,1.25,1.2,1.25,1.2
20090804,1.24,1.28,1.28,1.24
20090806,1.24,1.24,1.24,1.24
20090810,1.24,1.24,1.24,1.24
20090812,1.24,1.24,1.24,1.24
20090814,1.21,1.21,1.21,1.21
20090818,1.2,1.2,1.2,1.2
20090825,1.15,1.15,1.15,1.15
20090826,1.14,1.14,1.14,1.14
20090831,1.15,1.16,1.16,1.15
20090901,1.13,1.13,1.13,1.13
20090902,1.13,1.12,1.13,1.12
20090903,1.12,1.12,1.12,1.12
20090907,1.13,1.13,1.13,1.13
20090910,1.15,1.15,1.15,1.15
20090914,1.15,1.15,1.15,1.15
20090916,1.15,1.15,1.15,1.15
20090917,1.18,1.18,1.18,1.18
20090922,1.24,1.24,1.24,1.24
20090924,1.26,1.26,1.26,1.26
20090925,1.27,1.27,1.27,1.27
20090928,1.3,1.3,1.3,1.3
20090929,1.4,1.32,1.4,1.32
20090930,1.45,1.4,1.45,1.4
20091001,1.4,1.4,1.4,1.4
20091002,1.4,1.4,1.4,1.4
20091005,1.4,1.4,1.4,1.4
20091007,1.4,1.4,1.4,1.4
20091008,1.4,1.4,1.4,1.4
20091014,1.42,1.42,1.42,1.42
20091020,1.4,1.36,1.4,1.36
20091021,1.45,1.42,1.45,1.42
20091027,1.4,1.4,1.4,1.4
20091028,1.4,1.4,1.4,1.4
20091029,1.4,1.4,1.4,1.4
20091030,1.35,1.35,1.35,1.35
20091104,1.35,1.36,1.36,1.35
20091110,1.32,1.32,1.32,1.32
20091207,1.26,1.26,1.26,1.26
20091215,1.3,1.3,1.3,1.3
20091218,1.28,1.28,1.28,1.28
20091221,1.3,1.3,1.3,1.3
20091228,1.3,1.3,1.3,1.3
20091229,1.29,1.3,1.34,1.29
20091230,1.3,1.3,1.3,1.3
20100105,1.34,1.35,1.35,1.34
20100106,1.32,1.32,1.32,1.32
20100107,1.32,1.32,1.32,1.32
20100108,1.28,1.28,1.28,1.28
20100111,1.28,1.28,1.28,1.28
20100112,1.26,1.28,1.28,1.26
20100119,1.24,1.24,1.24,1.24
20100120,1.2,1.2,1.2,1.19
20100121,1.2,1.2,1.2,1.2
20100122,1.19,1.19,1.19,1.19
20100125,1.17,1.17,1.17,1.17
20100126,1.16,1.16,1.16,1.16
20100127,1.17,1.18,1.18,1.17
20100129,1.17,1.18,1.18,1.17
20100204,1.12,1.12,1.12,1.12
20100205,1.13,1.13,1.13,1.13
20100209,1.19,1.18,1.19,1.18
20100223,1.16,1.16,1.16,1.16
20100301,1.13,1.13,1.13,1.13
20100302,1.11,1.12,1.12,1.11
20100305,1.13,1.11,1.13,1.11
20100312,1.22,1.21,1.22,1.21
20100315,1.18,1.18,1.18,1.18
20100316,1.2,1.2,1.2,1.2
20100317,1.26,1.26,1.26,1.26
20100318,1.3,1.26,1.3,1.26
20100322,1.3,1.3,1.3,1.3
20100323,1.35,1.33,1.35,1.33
20100325,1.35,1.35,1.35,1.35
20100408,1.3,1.3,1.3,1.3
20100409,1.3,1.3,1.3,1.3
20100416,1.35,1.35,1.35,1.35
20100419,1.35,1.35,1.35,1.35
20100421,1.35,1.35,1.35,1.35
20100426,1.3,1.3,1.3,1.3
20100430,1.29,1.29,1.29,1.29
20100517,1.19,1.19,1.19,1.19
20100518,1.2,1.2,1.2,1.2
20100601,1.2,1.2,1.2,1.2
20100602,1.2,1.2,1.2,1.2
20100608,1.15,1.15,1.15,1.15
20100610,1.15,1.15,1.15,1.15
20100611,1.15,1.15,1.15,1.15
20100630,1.15,1.15,1.15,1.15
20100706,1.27,1.15,1.28,1.15
20100707,1.29,1.29,1.29,1.29
20100713,1.28,1.28,1.28,1.28
20100715,1.25,1.25,1.25,1.25
20100716,1.3,1.3,1.3,1.3
20100719,1.3,1.3,1.3,1.3
20100726,1.26,1.22,1.26,1.22
20100729,1.25,1.24,1.25,1.24
20100805,1.26,1.26,1.26,1.26
20100809,1.3,1.3,1.3,1.3
20100810,1.3,1.3,1.3,1.3
20100812,1.3,1.3,1.3,1.3
20100813,1.31,1.32,1.32,1.31
20100819,1.3,1.3,1.3,1.3
20100820,1.29,1.28,1.29,1.28
20100823,1.24,1.24,1.24,1.24
20100825,1.21,1.21,1.21,1.21
20100831,1.2,1.2,1.2,1.2
20100902,1.2,1.2,1.2,1.2
20100903,1.2,1.2,1.2,1.19
20100908,1.2,1.2,1.2,1.2
20100910,1.2,1.2,1.2,1.2
20100914,1.2,1.2,1.2,1.2
20100927,1.25,1.25,1.25,1.25
20100928,1.3,1.3,1.3,1.3
20100930,1.3,1.3,1.3,1.3
20101006,1.31,1.31,1.31,1.31
20101007,1.31,1.31,1.31,1.31
20101012,1.3,1.3,1.3,1.3
20101013,1.3,1.3,1.3,1.3
20101020,1.35,1.3,1.35,1.3
20101028,1.44,1.42,1.44,1.42
20101101,1.55,1.48,1.55,1.48
20101102,1.58,1.58,1.63,1.58
20101103,1.63,1.6,1.63,1.6
20101104,1.78,1.63,1.78,1.63
20101105,1.89,1.8,1.89,1.77
20101108,1.9,1.88,1.9,1.88
20101115,1.91,1.87,1.91,1.87
20101116,1.74,1.83,1.83,1.74
20101117,1.78,1.74,1.78,1.74
20101118,1.74,1.78,1.78,1.73
20101123,1.7,1.7,1.7,1.7
20101125,1.8,1.76,1.8,1.76
20101126,1.87,1.8,1.87,1.8
20101129,1.82,1.8,1.82,1.8
20101130,1.77,1.77,1.77,1.77
20101206,1.8,1.8,1.8,1.8
20101207,1.77,1.8,1.8,1.77
20101209,1.77,1.78,1.78,1.77
20101213,1.77,1.77,1.77,1.77
20101214,1.74,1.7,1.74,1.7
20101216,1.7,1.7,1.7,1.7
20101217,1.75,1.7,1.75,1.7
20101223,1.75,1.73,1.75,1.73
20101227,1.8,1.8,1.8,1.8
20101229,1.85,1.85,1.85,1.82
20110103,1.89,1.89,1.89,1.89
20110104,1.92,1.92,1.92,1.92
20110105,1.92,1.92,1.92,1.92
20110106,1.92,1.92,1.92,1.92
20110107,2.0,1.97,2.0,1.95
20110111,2.0,2.0,2.0,2.0
20110112,2.0,2.02,2.02,2.0
20110113,1.99,1.99,1.99,1.99
20110117,2.0,2.0,2.0,2.0
20110119,2.02,2.02,2.02,2.02
20110120,2.05,2.05,2.05,2.05
20110121,2.1,2.13,2.13,2.1
20110124,2.1,2.1,2.1,2.1
20110127,2.18,2.2,2.22,2.18
20110131,2.36,2.2,2.36,2.2
20110201,2.25,2.37,2.37,2.25
20110202,2.23,2.23,2.23,2.23
20110203,2.19,2.19,2.19,2.19
20110207,2.1,2.19,2.19,2.1
20110208,2.1,2.07,2.1,2.07
20110209,2.1,2.1,2.1,2.1
20110210,2.1,2.1,2.1,2.1
20110211,2.03,2.1,2.1,2.03
20110216,2.0,1.9,2.0,1.9
20110217,1.95,1.9,1.95,1.9
20110221,1.95,1.92,1.95,1.92
20110314,1.69,1.7,1.7,1.69
20110315,1.7,1.7,1.7,1.7
20110316,1.6,1.65,1.65,1.6
20110317,1.65,1.65,1.65,1.65
20110318,1.68,1.68,1.68,1.68
20110328,1.65,1.7,1.7,1.65
20110329,1.65,1.7,1.7,1.65
20110330,1.65,1.65,1.65,1.65
20110420,1.61,1.6,1.61,1.6
20110425,1.61,1.61,1.61,1.61
20110505,1.55,1.56,1.56,1.55
20110510,1.56,1.56,1.56,1.56
20110520,1.52,1.56,1.56,1.52
20110523,1.52,1.52,1.52,1.52
20110524,1.48,1.49,1.49,1.48
20110530,1.45,1.45,1.45,1.45
20110531,1.45,1.45,1.45,1.45
20110601,1.38,1.38,1.38,1.37
20110606,1.38,1.38,1.38,1.38
20110607,1.4,1.4,1.4,1.4
20110609,1.52,1.52,1.52,1.52
20110610,1.54,1.52,1.54,1.46
20110624,1.65,1.59,1.65,1.59
20110630,1.65,1.65,1.65,1.65
20110701,1.6,1.6,1.6,1.6
20110704,1.6,1.6,1.6,1.6
20110706,1.65,1.62,1.65,1.62
20110707,1.68,1.65,1.68,1.65
20110714,1.64,1.64,1.64,1.64
20110729,1.65,1.65,1.65,1.65
20110801,1.64,1.64,1.64,1.64
20110805,1.48,1.48,1.48,1.48
20110808,1.35,1.36,1.36,1.35
20110809,1.38,1.38,1.38,1.38
20110811,1.45,1.45,1.45,1.45
20110815,1.46,1.46,1.46,1.46
20110816,1.46,1.46,1.46,1.46
20110829,1.45,1.45,1.45,1.45
20110831,1.44,1.44,1.44,1.44
20110902,1.4,1.4,1.4,1.4
20110913,1.35,1.35,1.35,1.35
20110919,1.35,1.35,1.35,1.35
20111007,1.17,1.17,1.17,1.17
20111013,1.21,1.21,1.21,1.21
20111014,1.26,1.26,1.26,1.26
20111021,1.33,1.33,1.33,1.33
20111027,1.45,1.4,1.45,1.4
20111028,1.45,1.45,1.45,1.45
20111031,1.5,1.45,1.5,1.45
20111101,1.5,1.5,1.5,1.5
20111103,1.55,1.55,1.55,1.55
20111110,1.45,1.5,1.5,1.45
20111115,1.35,1.35,1.35,1.35
20111116,1.38,1.36,1.38,1.36
20111122,1.28,1.28,1.28,1.28
20111219,1.22,1.17,1.22,1.17
20111228,1.2,1.2,1.2,1.2
20111229,1.1,1.1,1.1,1.1
20120104,1.12,1.12,1.12,1.12
20120105,1.15,1.15,1.15,1.15
20120106,1.18,1.18,1.18,1.18
20120109,1.2,1.2,1.2,1.2
20120112,1.18,1.18,1.18,1.18
20120118,1.22,1.2,1.22,1.2
20120119,1.24,1.24,1.24,1.24
20120123,1.25,1.25,1.25,1.25
20120126,1.25,1.25,1.25,1.25
20120130,1.3,1.3,1.31,1.3
20120216,1.24,1.24,1.24,1.24
20120217,1.23,1.22,1.23,1.22
20120224,1.2,1.2,1.2,1.2
20120302,1.28,1.28,1.28,1.28
20120307,1.18,1.2,1.2,1.18
20120309,1.2,1.2,1.2,1.2
20120319,1.15,1.17,1.17,1.15
20120409,1.13,1.13,1.13,1.13
20120411,1.15,1.15,1.15,1.15
20120413,1.04,1.05,1.05,1.04
20120416,1.1,1.1,1.1,1.1
20120508,1.01,1.01,1.01,1.01
20120509,1.05,1.05,1.05,1.05
20120515,1.04,1.02,1.04,1.02
20120522,1.05,1.05,1.05,1.05
20120523,1.05,1.03,1.05,1.03
20120524,1.04,1.01,1.04,1.01
20120529,0.95,0.95,0.95,0.95
20120601,0.88,0.88,0.88,0.88
20120604,0.91,0.91,0.91,0.91
20120606,0.92,0.92,0.92,0.92
20120608,0.95,0.95,0.95,0.95
20120611,0.93,0.93,0.93,0.93
20120718,0.94,0.94,0.94,0.94
20120719,0.94,0.94,0.94,0.94
20120821,0.9,0.9,0.9,0.9
20120824,0.88,0.88,0.88,0.88
20120827,0.93,0.9,0.93,0.9
20120918,0.88,0.84,0.88,0.84
20120919,0.88,0.88,0.88,0.88
20120927,0.83,0.83,0.83,0.83
20120928,0.87,0.87,0.87,0.87
20121001,0.83,0.83,0.83,0.83
20121002,0.88,0.88,0.88,0.88
20121004,0.83,0.83,0.83,0.83
20121015,0.84,0.81,0.84,0.81
20121019,0.815,0.83,0.83,0.78
20121022,0.78,0.78,0.78,0.78
20121026,0.78,0.765,0.78,0.765
20121108,0.78,0.78,0.78,0.78
20121109,0.76,0.73,0.76,0.73
20121116,0.75,0.75,0.75,0.75
20121203,0.77,0.77,0.77,0.77
20130103,0.85,0.85,0.85,0.85
20130109,0.9,0.85,0.9,0.85
20130114,0.968,0.94,0.968,0.94
20130118,0.91,0.9,0.91,0.9
20130122,0.93,0.93,0.93,0.93
20130123,0.97,0.94,0.97,0.94
20130125,0.97,0.97,0.97,0.97
20130129,0.97,0.95,0.97,0.95
20130130,1.0,0.97,1.0,0.97
20130201,1.04,1.04,1.04,1.04
20130204,1.05,1.03,1.05,1.03
20130205,1.08,1.08,1.08,1.08
20130208,1.09,1.07,1.09,1.07
20130213,1.15,1.15,1.15,1.15
20130214,1.15,1.17,1.17,1.15
20130226,1.05,1.05,1.05,1.05
20130308,1.1,1.05,1.1,1.05
20130311,1.1,1.1,1.1,1.1
20130314,1.05,1.05,1.05,1.05
20130419,1.06,1.06,1.06,1.06
20130424,1.1,1.1,1.1,1.1
20130425,1.08,1.08,1.08,1.08
20130426,1.1,1.08,1.1,1.08
20130503,1.1,1.1,1.1,1.1
20130507,1.1,1.1,1.1,1.1
20130508,1.15,1.15,1.15,1.15
20130509,1.12,1.13,1.13,1.12
20130510,1.1,1.08,1.1,1.08
20130513,1.05,1.05,1.05,1.05
20130515,1.09,1.09,1.09,1.09
20130516,1.12,1.12,1.12,1.12
20130521,1.02,1.02,1.02,1.02
20130524,1.02,1.02,1.02,1.02
20130603,1.04,1.04,1.04,1.04
20130612,1.0,1.0,1.0,1.0
20130613,0.95,0.93,0.95,0.93
20130702,1.1,1.1,1.1,1.1
20130704,1.1,1.1,1.1,1.1
20130710,1.02,1.02,1.02,1.02
20130712,1.05,1.05,1.05,1.05
20130716,1.05,1.05,1.05,1.05
20130718,1.05,1.05,1.05,1.05
20130723,1.02,1.02,1.02,1.02
20130724,1.02,1.02,1.02,1.02
20130815,1.02,1.02,1.02,1.02
20130826,1.1,1.1,1.1,1.1
20130828,1.13,1.13,1.13,1.13
20130829,1.12,1.12,1.12,1.12
20130905,1.15,1.15,1.15,1.15
20130909,1.08,1.15,1.15,1.08
20130910,1.18,1.15,1.18,1.15
20130911,1.2,1.2,1.2,1.2
20130923,1.29,1.2,1.29,1.2
20130924,1.35,1.32,1.38,1.32
20130925,1.41,1.35,1.41,1.35
20130926,1.4,1.4,1.4,1.4
20130927,1.35,1.42,1.42,1.35
20130930,1.45,1.4,1.45,1.4
20131002,1.5,1.5,1.5,1.5
20131003,1.65,1.53,1.65,1.53
20131004,1.73,1.66,1.73,1.65
20131007,1.77,1.75,1.77,1.74
20131008,1.85,1.81,1.85,1.79
20131009,1.87,1.87,1.87,1.87
20131010,1.87,1.87,1.87,1.87
20131011,1.92,1.88,1.92,1.88
20131015,1.9,1.94,1.94,1.85
20131016,1.82,1.9,1.9,1.82
20131017,1.8,1.8,1.8,1.8
20131018,1.86,1.8,1.86,1.8
20131021,1.9,1.9,1.9,1.9
20131022,1.95,1.95,1.95,1.95
20131023,1.8,1.9,1.9,1.8
20131024,1.8,1.76,1.8,1.76
20131028,1.78,1.8,1.8,1.78
20131029,1.63,1.75,1.75,1.62
20131031,1.65,1.63,1.65,1.63
20131101,1.7,1.7,1.7,1.7
20131104,1.7,1.7,1.7,1.7
20131105,1.76,1.7,1.76,1.7
20131107,1.76,1.76,1.76,1.76
20131111,1.76,1.76,1.76,1.76
20131112,1.76,1.76,1.76,1.76
20131114,1.76,1.76,1.76,1.76
20131118,1.8,1.8,1.85,1.8
20131119,1.8,1.8,1.8,1.8
20131121,1.8,1.8,1.8,1.8
20131122,1.82,1.82,1.82,1.82
20131126,1.85,1.82,1.85,1.82
20131127,1.88,1.85,1.88,1.85
20131129,1.82,1.82,1.82,1.82
20131202,1.76,1.78,1.78,1.76
20131203,1.78,1.78,1.78,1.78
20131204,1.75,1.75,1.75,1.75
20131211,1.75,1.75,1.75,1.75
20131219,1.66,1.66,1.66,1.66
20131220,1.66,1.66,1.66,1.66
20131223,1.7,1.7,1.7,1.7
20140103,1.8,1.8,1.8,1.8
20140108,1.8,1.8,1.8,1.8
20140113,1.7,1.78,1.78,1.7
20140114,1.7,1.72,1.72,1.7
20140123,1.7,1.7,1.7,1.7
20140131,1.65,1.65,1.65,1.65
20140204,1.68,1.68,1.68,1.68
20140214,1.7,1.7,1.7,1.7
20140221,1.7,1.7,1.7,1.7
20140227,1.67,1.67,1.67,1.67
20140228,1.69,1.69,1.69,1.69
20140306,1.65,1.65,1.65,1.65
20140312,1.75,1.75,1.75,1.75
20140321,1.77,1.75,1.77,1.75
20140327,1.77,1.78,1.8,1.77
20140328,1.78,1.8,1.8,1.75
20140401,1.8,1.8,1.8,1.8
20140404,1.65,1.65,1.65,1.65
20140409,1.75,1.7,1.75,1.7
20140411,1.75,1.75,1.75,1.75
20140414,1.87,1.75,1.87,1.75
20140415,1.92,1.95,1.95,1.92
20140416,1.94,1.94,1.94,1.94
20140422,1.94,1.94,1.94,1.94
20140423,1.97,1.95,1.97,1.95
20140428,1.94,1.94,1.94,1.94
20140430,1.93,1.92,1.93,1.92
20140506,1.93,1.93,1.93,1.93
20140508,1.93,1.93,1.93,1.93
20140509,1.88,1.88,1.88,1.88
20140513,1.9,1.9,1.9,1.9
20140515,1.86,1.94,1.94,1.86
20140516,2.05,1.9,2.05,1.9
20140519,2.17,2.17,2.17,2.17
20140520,2.28,2.24,2.28,2.24
20140521,3.07,2.35,3.07,2.35
20140522,3.07,3.2,3.41,3.07
20140523,3.05,3.0,3.07,3.0
20140526,3.08,3.0,3.08,3.0
20140527,2.99,3.0,3.0,2.92
20140528,2.99,2.95,2.99,2.95
20140529,2.96,3.0,3.0,2.96
20140602,3.05,3.05,3.05,3.05
20140604,3.0,3.0,3.0,3.0
20140605,2.9,3.0,3.0,2.9
20140606,3.02,3.0,3.04,3.0
20140609,3.06,3.05,3.1,2.95
20140610,3.12,3.14,3.2,3.12
20140611,3.12,3.14,3.16,3.12
20140612,3.12,3.15,3.15,3.1
20140613,3.05,3.05,3.05,3.05
20140616,2.78,2.95,2.95,2.77
20140617,2.77,2.77,2.77,2.77
20140618,2.72,2.72,2.72,2.72
20140623,2.99,2.99,2.99,2.99
20140627,2.99,2.99,2.99,2.99
20140701,3.05,3.05,3.05,3.05
20140702,3.22,3.05,3.22,3.05
20140703,3.15,3.15,3.15,3.15
20140704,3.2,3.18,3.2,3.18
20140707,3.15,3.0,3.15,2.95
20140708,3.15,3.15,3.15,3.15
20140710,3.3,3.15,3.3,3.15
20140711,3.2,3.18,3.2,3.18
20140714,3.2,3.25,3.25,3.1
20140715,3.16,3.16,3.16,3.16
20140716,3.2,3.2,3.2,3.2
20140717,3.1,3.05,3.1,3.05
20140718,3.28,3.28,3.28,3.28
20140721,3.0,3.0,3.0,3.0
20140722,2.95,3.1,3.1,2.95
20140723,2.9,2.95,2.95,2.9
20140725,2.85,2.85,2.85,2.85
20140728,2.8,2.84,2.84,2.8
20140729,2.79,2.79,2.79,2.79
20140730,3.05,2.85,3.05,2.85
20140804,3.22,3.22,3.22,3.22
20140808,3.21,3.21,3.21,3.21
20140812,3.05,3.05,3.05,3.05
20140815,3.03,2.9,3.03,2.9
20140820,2.96,2.92,2.96,2.92
20140821,2.91,2.92,2.92,2.91
20140822,3.05,2.91,3.05,2.91
20140825,3.05,3.05,3.05,3.05
20140826,3.05,3.05,3.05,3.05
20140828,3.15,3.1,3.16,3.1
20140829,3.12,3.12,3.12,3.12
20140901,3.15,3.15,3.15,3.15
20140902,3.2,3.2,3.2,3.19
20140903,3.35,3.2,3.35,3.2
20140905,3.38,3.3,3.38,3.3
20140908,3.44,3.39,3.44,3.39
20140909,3.38,3.5,3.5,3.38
20140910,3.38,3.42,3.42,3.38
20140911,3.4,3.4,3.4,3.4
20140912,3.33,3.4,3.4,3.33
20140915,3.35,3.35,3.35,3.35
20140916,3.3,3.3,3.33,3.25
20140917,3.3,3.3,3.3,3.3
20140918,3.3,3.3,3.3,3.3
20140922,3.45,3.28,3.45,3.28
20140923,3.69,3.4,3.69,3.4
20140924,3.65,3.5,3.65,3.5
20140925,3.7,3.7,3.7,3.7
20140926,3.8,3.62,3.8,3.62
20140929,4.1,4.0,4.1,4.0
20140930,4.05,4.1,4.1,4.05
20141001,3.95,4.05,4.05,3.94
20141007,3.6,3.9,3.9,3.6
20141008,3.55,3.38,3.55,3.38
20141009,3.3,3.3,3.3,3.3
20141010,3.3,3.3,3.3,3.3
20141015,3.3,3.4,3.4,3.3
20141020,3.6,3.6,3.6,3.6
20141031,3.6,3.6,3.6,3.6
20141114,3.4,3.6,3.6,3.4
20141117,3.4,3.4,3.4,3.4
20141205,3.0,3.0,3.0,3.0
20141223,2.73,2.73,2.73,2.73
20150106,2.75,2.75,2.75,2.75
20150107,2.75,2.75,2.75,2.75
20150108,2.8,2.8,2.8,2.8
20150113,2.8,2.8,2.8,2.8
20150121,2.97,2.95,2.97,2.95
20150122,3.1,3.1,3.1,3.1
20150127,3.28,3.1,3.28,3.1
20150128,3.47,3.5,3.5,3.28
20150129,3.55,3.55,3.55,3.55
20150202,3.5,3.5,3.5,3.5
20150203,3.7,3.7,3.7,3.7
20150204,3.8,3.85,3.85,3.7
20150205,3.8,3.75,4.1,3.75
20150206,4.0,4.0,4.0,4.0
20150209,4.0,4.0,4.0,3.8
20150211,4.18,4.0,4.18,4.0
20150212,3.8,3.8,3.8,3.8
20150213,3.8,3.8,3.8,3.74
20150225,3.3,3.0,3.3,3.0
20150226,3.4,3.4,3.4,3.4
20150227,3.4,3.4,3.4,3.4
20150302,3.74,3.7,3.74,3.7
20150303,3.75,3.8,3.8,3.75
20150304,3.75,3.77,3.77,3.75
20150305,3.8,3.8,3.8,3.8
20150306,3.8,3.8,3.8,3.8
20150309,3.7,3.7,3.7,3.7
20150310,3.68,3.68,3.68,3.68
20150311,3.68,3.68,3.68,3.68
20150312,3.9,3.8,4.04,3.8
20150313,4.1,3.9,4.1,3.9
20150316,4.2,4.1,4.2,4.0
20150317,4.0,4.3,4.4,4.0
20150318,4.2,4.2,4.2,4.2
20150319,4.0,4.0,4.0,4.0
20150320,4.0,4.0,4.0,4.0
20150325,3.96,3.96,3.96,3.96
20150326,3.75,3.75,3.75,3.75
20150331,3.85,3.9,3.9,3.85
20150407,3.85,3.8,3.85,3.8
20150413,3.95,3.95,3.95,3.95
20150415,3.8,3.8,3.8,3.8
20150417,3.6,3.5,3.6,3.5
20150420,3.65,3.65,3.65,3.65
20150422,3.7,3.65,3.7,3.65
20150430,3.8,3.8,3.8,3.8
20150504,3.9,3.9,3.9,3.9
20150507,3.9,3.9,3.9,3.9
20150513,4.0,4.0,4.0,4.0
20150609,3.7,3.7,3.85,3.7
20150610,4.0,3.75,4.0,3.75
20150611,3.8,4.0,4.0,3.8
20150615,3.9,3.8,3.9,3.8
20150617,4.0,4.2,4.2,4.0
20150619,3.6,3.6,3.6,3.6
20150624,3.4,3.59,3.59,3.4
20150625,3.4,3.4,3.4,3.4
20150630,3.4,3.41,3.41,3.4
20150701,3.4,3.4,3.4,3.4
20150702,3.45,3.45,3.45,3.45
20150703,3.45,3.45,3.45,3.45
20150707,3.6,3.6,3.6,3.6
20150721,3.5,3.5,3.5,3.5
20150729,3.6,3.6,3.6,3.6
20150731,3.4,3.5,3.5,3.4
20150811,3.5,3.5,3.5,3.5
20150812,3.52,3.5,3.52,3.5
20150813,3.5,3.5,3.5,3.5
20150818,3.53,3.53,3.53,3.53
20150819,3.53,3.53,3.55,3.53
20150820,3.5,3.5,3.5,3.5
20150824,3.35,3.35,3.35,3.35
20150828,3.6,3.6,3.6,3.6
20150831,3.35,3.6,3.6,3.35
20150901,3.65,3.65,3.65,3.65
20150903,3.66,3.4,3.66,3.4
20150904,3.67,3.67,3.67,3.67
20150908,3.6,3.59,3.6,3.45
20150909,3.7,3.7,3.7,3.7
20150910,3.85,3.85,3.85,3.85
20150911,3.7,3.7,3.7,3.7
20150915,3.5,3.5,3.5,3.5
20150917,3.6,3.6,3.6,3.6
20150918,3.65,3.7,3.7,3.65
20150922,3.35,3.5,3.5,3.35
20150923,3.65,3.65,3.65,3.65
20150924,3.35,3.35,3.35,3.35
20150925,3.35,3.4,3.4,3.35
20150929,3.5,3.5,3.5,3.5
20151006,3.6,3.6,3.6,3.6
20151009,3.6,3.6,3.6,3.6
20151014,3.6,3.6,3.6,3.6
20151021,3.6,3.6,3.6,3.6
20151026,3.8,3.8,3.8,3.8
20151027,3.8,3.8,3.8,3.8
20151028,4.15,4.15,4.15,4.15
20151029,4.0,4.0,4.0,4.0
20151030,4.0,4.0,4.0,4.0
20151102,4.15,4.15,4.15,4.15
20151103,4.4,4.2,4.4,4.2
20151104,4.4,4.4,4.4,4.4
20151105,4.4,4.4,4.4,4.4
20151109,4.5,4.6,4.6,4.5
20151110,4.65,4.8,4.85,4.65
20151111,5.4,5.0,5.4,5.0
20151112,5.7,5.5,5.7,5.5
20151113,5.65,5.7,5.7,5.45
20151116,6.5,6.05,6.5,6.05
20151117,7.4,6.9,8.45,6.9
20151118,7.0,7.5,7.5,6.5
20151119,6.9,6.75,6.9,6.6
20151120,6.9,7.0,7.1,6.6
20151123,7.0,7.2,7.2,6.9
20151124,6.7,7.0,7.0,6.4
20151125,6.45,6.5,6.5,6.45
20151126,6.0,7.0,7.0,6.0
20151130,6.8,6.4,6.8,6.4
20151201,6.8,6.8,6.9,6.7
20151202,6.5,6.6,6.6,6.0
20151203,6.55,6.4,6.6,6.4
20151209,6.9,6.6,6.9,6.6
20151210,7.0,6.9,7.0,6.9
20151211,6.9,6.8,6.9,6.8
20151214,6.87,6.85,6.9,6.85
20151215,6.87,6.87,6.87,6.87
20151216,6.5,6.4,6.5,6.4
20151217,6.5,6.54,6.54,6.5
20151218,6.2,6.5,6.5,6.2
20151221,6.3,6.3,6.3,6.3
20151222,6.25,6.35,6.35,6.25
20151223,6.5,6.22,6.5,6.15
20151229,7.15,7.15,7.15,7.1
20160105,7.0,7.0,7.0,6.5
20160106,7.0,7.0,7.0,7.0
20160108,6.8,6.8,6.8,6.8
20160111,6.7,6.35,6.7,6.35
20160114,6.2,6.3,6.3,6.2
20160119,6.5,6.5,6.5,6.5
20160120,5.95,5.88,5.95,5.88
20160122,6.25,6.25,6.25,6.25
20160126,6.15,6.15,6.15,6.15
20160127,6.2,6.2,6.2,6.2
20160128,6.5,6.3,6.5,6.3
20160129,6.9,6.5,6.9,6.5
20160201,7.05,6.9,7.05,6.9
20160202,6.4,7.1,7.1,6.4
20160203,6.75,6.7,6.75,6.7
20160205,7.0,6.8,7.0,6.8
20160210,6.8,6.9,6.9,6.8
20160212,6.35,6.35,6.35,6.35
20160215,6.5,6.5,6.5,6.5
20160216,6.6,6.6,6.6,6.6
20160217,6.8,6.7,6.8,6.7
20160218,6.81,6.82,6.82,6.81
20160222,7.0,7.0,7.15,6.95
20160223,7.51,7.15,7.51,7.15
20160224,7.35,7.45,7.45,7.25
20160225,7.6,7.51,7.6,7.51
20160226,7.9,7.6,7.9,7.5
20160229,7.8,7.9,7.9,7.8
20160301,7.7,7.7,7.7,7.7
20160303,7.7,7.7,7.7,7.7
20160304,7.5,7.7,7.7,7.5
20160307,7.5,7.55,7.6,7.5
20160308,7.5,7.5,7.5,7.5
20160309,7.6,7.6,7.6,7.6
20160310,7.8,7.8,7.8,7.8
20160314,7.75,7.75,7.75,7.75
20160321,7.75,7.7,7.75,7.7
20160323,7.5,7.5,7.5,7.5
20160328,7.5,7.5,7.5,7.5
20160329,7.8,7.8,7.8,7.8
20160331,7.9,8.0,8.0,7.9
20160401,7.95,7.85,8.1,7.85
20160404,8.2,8.5,8.5,8.15
20160405,8.5,8.1,8.55,8.1
20160406,8.6,8.55,8.75,8.4
20160408,8.5,8.5,8.5,8.5
20160413,8.35,8.35,8.35,8.35
20160414,8.0,8.0,8.15,8.0
20160415,8.5,8.45,8.5,8.45
20160418,8.25,8.25,8.25,8.25
20160419,8.4,8.3,8.4,8.3
20160420,8.4,8.5,8.5,8.4
20160421,8.7,8.7,8.75,8.7
20160422,8.7,9.0,9.0,8.7
20160426,8.9,9.5,9.5,8.8
20160428,8.67,8.5,8.67,8.5
20160429,8.5,8.7,8.7,8.5
20160503,8.0,8.0,8.01,7.8
20160504,8.05,8.1,8.1,8.05
20160510,7.6,8.1,8.1,7.3
20160511,7.7,7.65,7.72,7.65
20160516,7.65,7.65,7.65,7.65
20160519,7.35,7.35,7.35,7.35
20160520,7.3,7.3,7.3,7.3
20160524,7.28,7.28,7.28,7.28
20160526,7.15,6.8,7.15,6.8
20160527,7.15,7.15,7.15,7.15
20160531,6.8,6.8,6.8,6.8
20160601,6.8,6.8,6.8,6.8
20160602,6.83,6.83,6.83,6.83
20160606,6.6,6.6,6.6,6.6
20160608,6.6,6.65,6.65,6.6
20160610,7.25,7.25,7.25,7.25
20160613,6.85,7.25,7.25,6.85
20160614,6.85,6.85,6.85,6.85
20160621,6.9,6.79,6.9,6.79
20160623,7.0,6.9,7.0,6.7
20160624,7.0,6.8,7.0,6.6
20160627,7.45,7.2,7.45,7.2
20160628,7.45,7.45,7.45,7.45
20160629,7.5,7.4,7.5,7.4
20160630,7.6,7.6,7.6,7.6
20160704,8.0,8.1,8.3,8.0
20160705,7.9,7.9,7.9,7.9
20160706,8.0,7.65,8.0,7.6
20160707,8.0,8.15,8.15,8.0
20160711,8.0,8.0,8.0,8.0
20160713,7.9,7.9,7.9,7.9
20160714,7.8,7.9,7.9,7.8
20160715,7.5,7.9,7.9,7.5
20160718,7.9,7.61,7.9,7.6
20160719,7.9,8.0,8.0,7.75
20160720,8.0,7.9,8.0,7.9
20160721,7.9,7.9,7.9,7.9
20160722,7.8,8.0,8.0,7.7
20160725,8.15,7.8,8.22,7.8
20160726,8.15,8.15,8.15,8.15
20160727,8.2,8.2,8.2,8.2
20160728,8.2,8.2,8.2,8.19
20160729,8.35,8.25,8.35,8.25
20160801,8.35,9.0,9.0,8.35
20160802,8.28,8.35,8.35,8.25
20160803,8.4,8.4,8.4,8.4
20160804,8.4,8.4,8.4,8.4
20160805,8.5,8.5,8.5,8.5
20160808,8.5,8.5,8.5,8.5
20160810,8.51,8.51,8.51,8.51
20160811,8.4,8.4,8.4,8.4
20160818,8.4,8.4,8.4,8.4
20160823,8.0,8.0,8.0,8.0
20160824,7.6,7.3,7.9,7.3
20160829,7.61,7.61,7.61,7.61
20160901,7.56,7.56,7.56,7.56
20160902,7.4,8.15,8.2,7.4
20160905,7.4,7.4,7.4,7.4
20160907,8.0,8.0,8.0,8.0
20160908,8.55,8.5,8.6,8.4
20160909,8.45,8.7,8.7,8.45
20160912,8.45,8.45,8.45,8.45
20160915,8.52,8.52,8.52,8.0
20160916,8.52,8.52,8.52,8.5
20160919,8.6,8.6,8.6,8.55
20160920,8.52,8.52,8.52,8.52
20160921,8.52,8.52,8.52,8.52
20160922,8.6,8.7,8.7,8.6
20160923,8.45,8.6,8.6,8.45
20160926,8.65,8.6,8.65,8.6
20160927,8.85,9.0,9.0,8.8
20160928,8.7,8.7,8.7,8.7
20160929,8.65,8.65,8.65,8.65
20160930,8.6,8.6,8.6,8.6
20161003,8.6,8.6,8.6,8.52
20161004,8.5,8.5,8.52,8.5
20161005,8.6,8.6,8.6,8.6
20161007,8.85,8.75,8.9,8.7
20161011,9.5,8.8,9.5,8.8
20161012,9.5,9.5,9.5,9.5
20161013,9.0,9.0,9.0,9.0
20161014,9.5,9.0,9.5,9.0
20161017,9.5,9.5,9.55,9.5
20161018,10.0,9.6,10.0,9.6
20161019,10.7,10.3,10.9,10.1
20161020,10.75,10.7,10.75,10.2
20161021,11.2,10.75,11.3,10.75
20161024,11.5,11.2,11.5,11.2
20161025,11.2,11.5,11.6,11.2
20161026,11.1,11.0,11.1,10.85
20161027,11.2,10.95,11.2,10.95
20161028,11.0,11.0,11.0,11.0
20161031,11.0,10.0,11.0,10.0
20161101,10.7,10.5,10.7,10.5
20161102,10.35,10.4,10.4,9.9
20161103,10.6,10.4,10.6,10.0
20161104,10.25,10.2,10.25,10.2
20161107,10.6,10.6,10.6,10.2
20161109,10.55,10.6,10.6,10.55
20161111,10.55,10.5,10.55,10.5
20161115,10.2,9.8,10.2,9.8
20161116,10.2,10.2,10.3,10.2
20161117,10.0,9.9,10.0,9.9
20161118,10.2,10.2,10.2,10.2
20161121,10.3,10.2,10.3,10.2
20161122,10.8,10.75,10.8,10.75
20161123,10.9,10.8,10.9,10.4
20161124,11.0,10.5,11.0,10.5
20161129,10.6,10.8,10.8,10.3
20161130,10.8,10.8,10.8,10.8
20161201,10.5,10.5,10.6,10.5
20161205,10.4,10.0,10.4,9.85
20161207,11.2,10.0,11.25,10.0
20161212,11.3,11.0,11.3,10.7
20161213,11.3,11.3,11.3,11.3
20161214,10.35,10.35,10.35,10.35
20161215,11.3,10.35,11.3,10.35
20161216,10.75,11.0,11.0,9.9
20161219,10.35,10.5,10.5,10.35
20161221,10.75,10.95,11.0,10.5
20161222,10.5,10.0,10.5,10.0
20161223,10.5,10.3,10.5,10.3
20161226,10.3,10.3,10.3,10.3
20161228,11.0,10.3,11.0,10.3
20170102,11.0,11.0,11.0,10.95
20170103,12.0,11.0,12.0,11.0
20170104,12.5,12.0,12.5,12.0
20170105,13.1,12.2,13.25,12.1
20170106,13.5,13.0,13.9,13.0
20170109,14.0,13.6,14.0,13.0
20170110,13.95,13.95,13.95,13.55
20170111,13.9,13.5,13.95,13.3
20170112,14.0,14.0,14.0,14.0
20170113,14.2,13.9,14.2,13.55
20170116,14.1,14.1,14.1,14.1
20170117,14.0,14.1,14.1,13.9
20170118,13.0,14.0,14.0,13.0
20170119,13.15,13.4,13.65,13.1
20170120,13.75,13.5,13.75,13.5
20170123,13.3,13.9,14.0,13.3
20170124,13.5,13.75,13.9,13.5
20170125,13.5,13.5,13.5,13.5
20170126,13.55,14.0,14.0,13.55
20170127,15.45,14.0,15.5,14.0
20170130,15.65,15.45,16.3,15.35
20170131,15.95,16.0,16.2,15.75
20170201,16.2,16.4,16.4,16.0
20170202,16.75,16.4,16.8,16.4
20170203,16.95,17.0,17.0,15.75
20170206,17.8,17.1,18.0,17.1
20170207,19.8,18.0,19.9,17.9
20170208,20.6,20.6,21.75,20.5
20170209,19.7,21.0,21.0,19.5
20170210,19.75,19.3,19.75,19.3
20170213,20.5,19.85,21.7,19.85
20170214,21.25,21.0,21.4,20.4
20170215,22.0,21.25,22.0,21.25
20170216,21.0,22.0,22.4,20.4
20170217,22.5,22.3,22.65,22.0
20170220,24.0,22.5,24.0,22.0
20170221,25.7,24.0,25.7,23.6
20170222,26.5,25.05,26.6,25.05
20170223,28.8,27.2,29.5,27.2
20170224,31.75,28.85,31.8,27.1
20170301,34.5,32.0,34.5,32.0
20170302,37.55,35.15,37.95,35.15
20170303,37.6,39.0,40.5,32.3
20170306,36.5,38.0,39.3,35.0
20170307,34.8,35.5,35.5,33.0
20170308,31.3,34.25,34.5,30.0
20170309,28.65,31.1,31.1,28.0
20170310,25.15,28.45,28.45,24.8
20170313,28.5,26.0,28.5,25.5
20170314,30.3,29.55,30.85,28.0
20170315,29.0,30.7,31.25,29.0
20170316,29.9,28.95,30.25,28.95
20170317,29.6,29.85,30.5,29.6
20170320,27.7,30.0,30.0,26.3
20170321,26.25,27.0,27.6,25.3
20170322,27.5,26.25,27.5,26.25
20170323,27.8,27.7,29.9,27.7
20170327,28.4,28.2,28.5,27.85
20170328,29.0,28.5,29.0,26.4
20170329,28.6,29.0,29.1,28.0
20170330,28.5,29.0,29.7,28.5
20170331,29.35,29.6,29.7,29.0
20170403,29.8,30.1,30.8,29.8
20170404,28.4,29.9,29.9,27.8
20170405,27.2,28.6,28.6,26.5
20170406,27.35,27.1,27.35,26.6
20170407,26.8,27.55,27.55,26.6
20170410,26.15,26.9,27.5,26.0
20170411,28.0,26.0,28.0,25.8
20170412,29.05,28.5,30.0,28.5
20170417,28.9,29.2,29.8,28.0
20170418,27.6,28.9,28.9,27.55
20170419,27.25,27.05,28.0,26.85
20170420,27.55,27.05,27.7,27.05
20170421,26.9,27.8,27.8,26.9
20170424,27.0,26.6,27.3,26.05
20170425,27.55,27.4,28.0,27.4
20170426,28.1,28.9,28.9,27.0
20170427,27.9,28.15,28.3,26.9
20170428,27.0,27.9,27.9,27.0
20170502,27.2,27.0,27.5,26.5
20170503,28.0,27.75,28.3,27.6
20170504,29.5,28.0,29.5,28.0
20170505,33.55,29.9,33.55,29.9
20170508,34.9,35.6,36.35,34.5
20170509,34.85,35.0,35.4,32.45
20170510,33.0,34.85,34.95,32.5
20170511,31.5,33.0,33.8,30.2
20170512,30.85,31.6,32.0,30.3
20170515,30.25,30.4,31.5,29.3
20170516,31.9,31.0,32.1,31.0
20170517,32.05,32.0,32.7,31.5
20170518,30.95,31.75,32.0,29.85
20170519,30.7,30.6,31.5,30.6
20170522,30.5,30.5,30.5,30.0
20170523,30.2,30.5,30.5,30.0
20170524,29.55,30.2,30.2,29.2
20170526,31.0,29.55,31.0,28.8
20170529,30.95,30.95,30.95,30.0
20170530,30.25,31.0,31.0,30.0
20170531,30.5,30.25,30.85,30.0
20170601,30.75,31.0,31.05,30.6
20170602,31.5,31.15,31.9,30.8
20170605,32.2,31.7,32.3,31.7
20170606,32.0,32.0,33.0,31.5
20170607,32.0,32.0,32.9,31.95
20170608,31.0,31.6,31.6,30.7
20170609,30.5,30.5,30.5,29.0
20170612,29.0,30.5,30.5,28.1
20170613,28.5,28.9,28.9,28.0
20170614,28.4,28.0,28.4,27.7
20170615,28.0,28.1,28.1,27.6
20170616,28.35,27.8,28.45,27.8
20170619,29.0,27.5,29.1,27.5
20170621,27.0,26.15,27.5,26.15
20170622,28.0,29.0,29.0,27.5
20170623,28.0,27.75,28.0,27.25
20170626,27.5,27.9,28.3,27.5
20170627,28.05,27.5,28.65,27.5
20170628,29.2,28.5,29.3,28.05
20170629,31.0,29.5,31.0,29.0
20170630,30.5,32.0,32.3,30.4
20170703,30.0,30.4,30.4,29.9
20170704,30.5,29.7,30.5,29.5
20170705,29.8,30.5,30.6,29.3
20170706,29.8,30.7,30.7,28.8
20170707,29.85,30.45,30.45,28.3
20170710,30.0,29.9,30.2,29.9
20170711,30.5,29.9,30.5,29.9
20170712,30.2,30.5,30.65,30.0
20170713,29.4,30.1,30.1,29.0
20170714,29.65,29.0,29.65,29.0
20170717,28.95,28.85,28.95,28.1
20170718,28.7,28.5,29.0,28.5
20170719,28.4,28.25,29.0,28.25
20170720,28.0,28.25,28.25,27.8
20170721,28.0,27.8,28.0,27.7
20170724,28.15,27.0,28.3,27.0
20170725,28.1,27.5,28.2,26.75
20170726,28.9,27.95,29.0,27.95
20170727,28.0,28.8,29.0,27.9
20170728,28.0,27.9,28.0,27.9
20170731,27.8,28.0,28.0,27.5
20170801,28.0,27.0,28.1,27.0
20170802,28.2,27.5,28.2,27.5
20170803,28.0,27.05,28.25,27.05
20170804,28.0,28.0,28.0,27.5
20170807,27.3,27.2,27.4,27.1
20170808,26.6,27.0,27.0,26.4
20170809,26.0,26.6,27.5,26.0
20170810,26.95,26.3,27.3,26.25
20170811,27.5,27.0,28.0,27.0
20170814,29.55,28.3,30.0,28.3
20170815,29.55,29.55,29.75,28.7
20170816,29.3,29.6,29.6,29.1
20170817,29.85,29.0,29.85,29.0
20170818,29.0,29.55,29.6,28.7
20170822,29.0,29.0,29.0,28.0
20170823,29.9,29.1,29.9,29.1
20170824,29.8,30.0,30.0,29.0
20170825,29.7,29.5,29.9,29.0
20170828,29.7,29.0,29.7,29.0
20170829,29.0,30.0,30.0,28.5
20170830,29.6,29.8,29.8,28.0
20170831,29.45,29.5,29.6,29.45
20170901,29.2,29.5,29.5,28.25
20170904,29.2,29.85,29.85,29.0
20170905,29.0,29.0,29.2,28.25
20170906,28.75,28.75,28.75,28.0
20170907,28.7,28.75,29.0,28.2
20170908,28.8,28.5,29.2,28.5
20170911,29.0,28.9,29.0,28.0
20170912,28.7,29.0,29.0,28.0
20170913,28.9,28.8,28.9,28.25
20170914,28.5,29.0,29.0,28.5
20170915,28.95,28.3,28.95,28.0
20170918,28.5,28.95,28.95,28.0
20170919,29.45,28.25,29.65,28.1
20170920,29.7,29.45,29.9,29.25
20170921,31.5,28.9,31.5,28.9
20170922,31.55,32.25,32.6,31.2
20170925,31.5,31.6,32.7,31.1
20170926,31.5,32.0,32.2,31.4
20170927,30.85,32.2,32.3,30.1
20170928,31.9,30.85,31.95,30.85
20170929,31.9,31.9,32.2,31.5
20171002,33.2,32.05,33.4,32.05
20171003,34.95,33.55,34.95,33.55
20171004,35.35,35.1,35.5,33.55
20171005,40.15,35.8,40.15,35.75
20171006,43.0,40.3,43.3,39.0
20171009,45.0,42.45,45.4,42.4
20171010,47.4,44.0,47.9,43.85
20171011,45.9,47.7,51.0,43.0
20171012,49.4,45.85,49.5,44.5
20171013,49.7,49.4,51.0,47.8
20171017,48.95,50.0,50.0,47.0
20171018,48.8,48.0,48.85,47.0
20171019,50.6,48.7,51.75,47.35
20171020,53.5,51.0,53.5,51.0
20171023,56.75,55.5,57.4,53.6
20171024,60.85,57.0,60.9,54.0
20171025,59.85,59.5,61.05,58.0
20171026,59.7,59.95,60.5,57.55
20171027,56.5,59.65,59.65,56.0
20171030,56.0,56.6,56.6,52.55
20171031,59.3,56.0,59.3,56.0
20171101,57.8,60.0,62.0,57.0
20171102,56.5,57.0,59.5,55.05
20171103,60.0,56.55,60.0,56.55
20171107,59.8,61.0,61.0,59.25
20171108,65.25,59.5,65.75,59.5
20171109,66.0,65.25,68.75,63.05
20171110,64.8,67.0,67.0,64.0
20171113,66.0,64.8,66.0,61.8
20171114,63.95,66.6,66.7,62.0
20171115,64.0,63.9,65.8,60.1
20171116,64.0,64.35,65.5,63.8
20171117,62.9,64.0,66.0,62.0
20171121,63.65,63.8,65.0,62.95
20171122,63.55,63.65,65.0,63.3
20171123,63.25,63.0,63.25,62.1
20171124,64.0,62.15,64.0,61.1
20171127,61.85,63.95,63.95,61.85
20171128,61.9,61.85,62.0,61.8
20171129,61.0,62.2,62.5,59.7
20171130,60.5,61.0,61.0,57.15
20171201,58.5,60.5,61.0,58.5
20171204,57.5,58.0,59.4,57.3
20171205,55.35,57.5,57.5,55.15
20171206,55.4,55.35,56.05,53.0
20171207,57.2,56.0,57.2,54.4
20171211,58.25,58.0,59.3,58.0
20171212,59.3,58.25,59.4,58.0
20171213,59.0,57.05,59.4,57.05
20171214,58.95,59.0,59.0,57.15
20171215,58.0,58.95,59.0,56.75
20171218,56.0,56.05,56.7,56.0
20171219,56.4,57.0,57.0,56.2
20171220,55.8,56.0,57.0,54.7
20171221,56.95,55.8,57.0,55.5
20171222,61.2,57.0,62.1,57.0
20171226,63.5,61.2,64.75,61.2
20171227,67.0,64.05,67.0,63.5
20171228,70.5,67.1,71.0,67.1
20171229,70.9,71.0,71.5,67.0
20180102,72.2,71.0,72.5,71.0
20180103,71.4,73.5,74.5,71.25
20180104,73.3,72.0,73.8,72.0
20180105,73.75,73.75,75.2,73.3
20180108,74.85,76.0,76.5,74.1
20180109,76.9,75.85,82.0,75.85
20180110,77.0,76.8,77.85,74.85
20180111,78.0,77.0,81.0,76.9
20180112,82.0,79.0,82.0,79.0
20180115,82.0,82.2,86.85,81.9
20180116,82.0,82.0,82.0,81.0
20180117,79.45,84.0,84.0,79.0
20180118,81.95,79.9,81.95,76.6
20180119,80.4,82.0,82.0,80.0
20180122,80.0,83.0,83.0,79.0
20180123,82.0,80.0,82.5,80.0
20180124,83.0,82.0,83.5,81.2
20180125,85.5,81.5,90.0,81.5
20180126,88.6,86.2,89.9,86.2
20180129,89.45,90.0,90.0,85.5
20180130,90.0,89.45,92.0,86.5
20180131,91.8,90.4,93.0,90.25
20180201,95.9,92.0,99.9,92.0
20180202,92.55,96.0,96.45,89.0
20180205,82.35,92.55,92.55,82.0
20180206,79.7,81.9,81.9,74.5
20180207,83.0,80.0,87.0,80.0
